0,1,2,3,4,5,6,7,8,9,10,11,12,13,14,15,16,17,18,19
"('blood', 0.6163425859366538)","('giving', 0.2965303747523599)","('sometimes', 0.2819502378530605)","('help', 0.28128315054471387)","('caving', 0.2465370343746615)","('feel', 0.22376622201921081)","('somebody', 0.2201187428952904)","('wall', 0.19768691650157327)","('need', 0.142574312497018)","('better', 0.1294722443526767)","('medicine', 0.12326851718733076)","('crawling', 0.12326851718733076)","('someone', 0.12054992166202022)","('strong', 0.08987430258425014)","('skin', 0.08987430258425014)","('enough', 0.07550656880824701)","('feeling', 0.07139745877481032)","('overwhelmed', 0.06163425859366538)","('floor', 0.06163425859366538)","('ease', 0.06163425859366538)"
"('little', 0.640355328260842)","('excited', 0.34847145545787656)","('get', 0.32072278593085307)","('bit', 0.2693079213284772)","('think', 0.26470764096717525)","('self', 0.19007533934065993)","('conscious', 0.19007533934065993)","('stressed', 0.15839611611721663)","('nervous', 0.14450784549093215)","('yeah', 0.13870982630125583)","('talk', 0.12392224600531643)","('much', 0.1200046899618726)","('babe', 0.10687741941166963)","('around', 0.10211171206194933)","('baby', 0.07809791840453063)","('started', 0.057803138196372866)","('walked', 0.031679223223443326)","('sunday', 0.031679223223443326)","('kicked', 0.031679223223443326)","('caf√©', 0.031679223223443326)"
"('tonight', 0.4802603718327583)","('get', 0.4500627643885144)","('mind', 0.39596145813647815)","('lost', 0.28924439721162143)","('seem', 0.20623887683943298)","('plan', 0.1822082901088107)","('thinking', 0.17354663832697284)","('let', 0.15865823445626123)","('could', 0.13118312052053177)","('japan', 0.12860112841193064)","('fly', 0.12860112841193064)","('couple', 0.12501636796690815)","('got', 0.11894475572635597)","('mile', 0.11732530096103067)","('hotel', 0.10932497406528642)","('hundred', 0.10311943841971649)","('bout', 0.10311943841971649)","('wa', 0.09370222894323699)","('paradise', 0.08573408560795376)","('hoping', 0.08573408560795376)"
"('morning', 0.511554439579481)","('walk', 0.3923202778067024)","('away', 0.31583336393442857)","('warning', 0.2744948219506204)","('number', 0.2744948219506204)","('without', 0.21936665867186525)","('baby', 0.21192595494765434)","('left', 0.17426807795710322)","('leave', 0.16163560835454563)","('said', 0.15791668196721428)","('hope', 0.11469812061792921)","('believe', 0.10533931953748923)","('good', 0.09497946256947529)","('something', 0.0921488302605482)","('look', 0.08081780417727281)","('around', 0.08081780417727281)","('woke', 0.07521895012612562)","('connected', 0.07521895012612562)","('ceiling', 0.07521895012612562)","('breakfast', 0.07521895012612562)"
"('falling', 0.3230458554450992)","('free', 0.2897267592745203)","('mine', 0.2031393557427063)","('anytime', 0.2031393557427063)","('trapped', 0.19000261328316437)","('tightrope', 0.19000261328316437)","('since', 0.19000261328316437)","('safety', 0.19000261328316437)","('net', 0.19000261328316437)","('men', 0.19000261328316437)","('bringing', 0.19000261328316437)","('appear', 0.19000261328316437)","('fell', 0.17334306519787496)","('came', 0.17334306519787496)","('underneath', 0.15235451680702972)","('kind', 0.15235451680702972)","('along', 0.14486337963726015)","('baby', 0.13383092025037058)","('different', 0.13304324216193475)","('thinking', 0.12820383155197068)"
"('particular', 0.6745825283606651)","('obsessed', 0.3590035808020293)","('taste', 0.23894527705106824)","('yeah', 0.1758160468282754)","('chase', 0.16864563209016628)","('go', 0.16337211058091797)","('right', 0.1591507829601135)","('conversation', 0.153858677486584)","('place', 0.13773566102337773)","('waste', 0.12295847239688806)","('got', 0.11698680502064371)","('face', 0.11379325702347631)","('specific', 0.11243042139344418)","('drownin', 0.11243042139344418)","('number', 0.10257245165772265)","('erase', 0.10257245165772265)","('uh', 0.09557811082042729)","('mercy', 0.09015287858320581)","('le', 0.08572014108470576)","('hit', 0.08572014108470576)"
"('hell', 0.43536224792754896)","('put', 0.3585992762506305)","('hi', 0.25606260980223366)","('get', 0.2560391797651694)","('pretend', 0.205325045348853)","('mean', 0.19774954215700125)","('ready', 0.19522939402631573)","('met', 0.19522939402631573)","('nothing', 0.1834149313120196)","('curse', 0.17070840653482244)","('brush', 0.17070840653482244)","('compared', 0.15574058657651663)","('want', 0.14925926441725193)","('many', 0.13015292935087716)","('new', 0.12446242830414012)","('ask', 0.12446242830414012)","('every', 0.11620599505701311)","('first', 0.1151851093925713)","('someone', 0.11129570634026252)","('trying', 0.1077773133072316)"
"('nothin', 0.3669753099426552)","('finally', 0.3237602343021864)","('somebody', 0.32118544224601486)","('loving', 0.25960871382820616)","('new', 0.23605155579346113)","('forget', 0.2184564823845079)","('happy', 0.2158401562014576)","('help', 0.2110799619830111)","('might', 0.20440708760111065)","('something', 0.1983152305755546)","('meet', 0.1834876549713276)","('took', 0.17307247588547078)","('time', 0.16186530492549045)","('could', 0.14154023050307113)","('told', 0.14071997465534075)","('place', 0.1322101537170364)","('tell', 0.12749083571967385)","('history', 0.1079200781007288)","('think', 0.10609020260801623)","('sister', 0.09845757808864825)"
"('queen', 0.512909912176124)","('ugly', 0.35776639865595694)","('made', 0.3353724474349503)","('beautiful', 0.2868767216153297)","('making', 0.26084523689385025)","('ruler', 0.20443794208911825)","('country', 0.20443794208911825)","('look', 0.1921982073619946)","('cool', 0.16392955520875985)","('crowned', 0.1533284565668387)","('nothin', 0.13034589777429142)","('think', 0.1256072032580723)","('treat', 0.12294716640656987)","('put', 0.10736333898174413)","('hard', 0.09391940391748468)","('nice', 0.09325634766838617)","('meet', 0.08689726518286095)","('way', 0.08050390791793406)","('yeah', 0.07992381055398351)","('see', 0.07234798675257548)"
"('want', 0.6204396274391485)","('reciprocate', 0.2660997138889004)","('mutual', 0.24276792438131528)","('involved', 0.24276792438131528)","('half', 0.2262137562782482)","('bad', 0.2262137562782482)","('enough', 0.16299600916001072)","('uh', 0.15080917085216544)","('tomorrow', 0.15080917085216544)","('today', 0.15080917085216544)","('leave', 0.1429533018783254)","('way', 0.13971357531119716)","('need', 0.12311005154935846)","('close', 0.11565825888082702)","('tell', 0.10478518148339787)","('mean', 0.10275044964643656)","('feeling', 0.10275044964643656)","('change', 0.1001037325424369)","('get', 0.09977826204177329)","('go', 0.09666705715456608)"
"('perfectly', 0.7881119823270964)","('wrong', 0.4827480120633829)","('yeah', 0.14499187871398672)","('hard', 0.11358776754432538)","('leave', 0.09962051529438765)","('oh', 0.09587725623278265)","('sky', 0.09271905674436429)","('hate', 0.09067420686275844)","('much', 0.08780772163891545)","('break', 0.08278351471524059)","('star', 0.07882130272968163)","('late', 0.07069163778684537)","('know', 0.06783992436122606)","('made', 0.06760088262038175)","('worth', 0.04635952837218214)","('resist', 0.04635952837218214)","('poison', 0.04635952837218214)","('favorite', 0.04635952837218214)","('see', 0.043749459423589813)","('use', 0.04229469590076402)"
"('waitin', 0.6334862885576154)","('ready', 0.4458349920493217)","('around', 0.20942746570272783)","('ten', 0.17782825051625842)","('even', 0.16934629515261368)","('year', 0.16570227151790998)","('single', 0.16570227151790998)","('tell', 0.15351093478027392)","('somebody', 0.1450265342563936)","('baby', 0.1372937439749165)","('found', 0.13648568501809213)","('promise', 0.11289753010174244)","('wrapped', 0.09745942900886391)","('familiar', 0.09745942900886391)","('disappointment', 0.09745942900886391)","('every', 0.08845781845627793)","('back', 0.08045182388870573)","('arm', 0.07814831574345589)","('anytime', 0.07814831574345589)","('tried', 0.07430583200822029)"
"('holding', 0.5093667529595965)","('back', 0.3676650333389163)","('nothing', 0.35890651279483177)","('confessing', 0.22269491531543792)","('right', 0.21015705947687421)","('tear', 0.16702118648657846)","('manipulate', 0.16702118648657846)","('inhibition', 0.16702118648657846)","('decision', 0.16702118648657846)","('baby', 0.15685818703623172)","('shaking', 0.1523766642905156)","('reputation', 0.1523766642905156)","('take', 0.14157365348644826)","('know', 0.12220470155570715)","('stumbled', 0.11134745765771896)","('guessing', 0.11134745765771896)","('dark', 0.11134745765771896)","('place', 0.10230671218928268)","('crazy', 0.09191625833472908)","('took', 0.08928449886029087)"
"('ruin', 0.46239141811599316)","('happiness', 0.46239141811599316)","('ever', 0.4170462013680849)","('tryna', 0.3178035435504713)","('cross', 0.3013204636370146)","('darling', 0.26742647883271725)","('mind', 0.1694878671675727)","('one', 0.14397830794724942)","('said', 0.13867956411925297)","('know', 0.09666251063531292)","('listen', 0.09632190921167905)","('felt', 0.09632190921167905)","('baby', 0.0930547637259719)","('remember', 0.08613213696554449)","('think', 0.06493588336777897)","('yeah', 0.061978012874533125)","('feel', 0.05995481773494163)","('way', 0.05202321442971691)","('na', 0.04725068105042648)","('babe', 0.04457107980545288)"
"('mercy', 0.6838187976151018)","('please', 0.2830697598242655)","('would', 0.24582095655319414)","('begging', 0.22948095199986693)","('heart', 0.20106105161520618)","('even', 0.17433243115638197)","('though', 0.16924185963035043)","('tearing', 0.1279358362216567)","('easy', 0.11474047599993346)","('apart', 0.11474047599993346)","('hurt', 0.0921828587074478)","('sacrifice', 0.0915320621949461)","('ripping', 0.0915320621949461)","('puppet', 0.0915320621949461)","('prepared', 0.0915320621949461)","('intention', 0.0915320621949461)","('gladly', 0.0915320621949461)","('consuming', 0.0915320621949461)","('mean', 0.08716621557819099)","('string', 0.08529055748110445)"
"('better', 0.7113127396084682)","('treat', 0.43123766857184864)","('wasted', 0.17926672100477734)","('instead', 0.17926672100477734)","('deserves', 0.17926672100477734)","('gentleman', 0.1635485026757462)","('know', 0.16031206220070643)","('wasting', 0.15239624929137116)","('crime', 0.15239624929137116)","('tell', 0.11765323870448291)","('time', 0.11203144867749416)","('promise', 0.10383176998213689)","('girl', 0.09000494609713722)","('let', 0.08293708753552766)","('want', 0.07837112259087148)","('stop', 0.07791694520702892)","('give', 0.06743813298767481)","('spending', 0.05975557366825911)","('situation', 0.05451616755858206)","('sign', 0.05451616755858206)"
"('empty', 0.4835972219098792)","('three', 0.42504279585223814)","('word', 0.3346642673307287)","('saying', 0.2898554860511649)","('motion', 0.19877793171549782)","('keep', 0.18392775447016782)","('fix', 0.16898290472179092)","('broken', 0.16898290472179092)","('gon', 0.14585713431250277)","('first', 0.1341249577232046)","('darling', 0.1341249577232046)","('hurt', 0.12175890422879083)","('going', 0.12175890422879083)","('tired', 0.1208993054774698)","('worse', 0.11265526981452727)","('cause', 0.10361475040229497)","('na', 0.09479234256747414)","('anymore', 0.08639734763392158)","('try', 0.08117260281919389)","('go', 0.07221081678513587)"
"('fool', 0.6150283578470298)","('hear', 0.3064411410218388)","('darling', 0.27119986101754984)","('wait', 0.20963390320503264)","('na', 0.20125302624157554)","('stand', 0.18386468461310326)","('man', 0.18386468461310326)","('side', 0.17582581690980184)","('move', 0.16886223296227051)","('know', 0.15684226671542081)","('find', 0.1477174649596972)","('always', 0.13967859725639578)","('yeah', 0.12570504275480843)","('cause', 0.12570504275480843)","('understand', 0.1225764564087355)","('say', 0.11324131746261648)","('babe', 0.10847994440701994)","('ever', 0.10150337155177884)","('love', 0.08364328280701286)","('softly', 0.08038555742302754)"
"('guess', 0.3423354211340432)","('going', 0.32163322059837)","('hide', 0.31936254054781527)","('lost', 0.29524905788460304)","('try', 0.268027683831975)","('truth', 0.2552233697054407)","('strong', 0.2552233697054407)","('fight', 0.2552233697054407)","('wa', 0.22955392810132433)","('stop', 0.22822361408936215)","('enough', 0.21442214706558002)","('thought', 0.19753051659034696)","('hand', 0.19753051659034696)","('nowadays', 0.08751390951170761)","('ignore', 0.08751390951170761)","('gorgeous', 0.08751390951170761)","('drop', 0.07984063513695382)","('dead', 0.07984063513695382)","('anyway', 0.07984063513695382)","('kill', 0.07439636032642821)"
"('please', 0.567642288009633)","('promise', 0.5378313277173229)","('baby', 0.35427826862700434)","('consequence', 0.23214296209656607)","('living', 0.15476197473104406)","('complicate', 0.15476197473104406)","('cause', 0.14520788017683017)","('keep', 0.143200114036756)","('moment', 0.10836711414550818)","('much', 0.09770948119787592)","('even', 0.0896385546195538)","('window', 0.07738098736552203)","('simple', 0.07738098736552203)","('heartbreak', 0.07738098736552203)","('fan', 0.07738098736552203)","('decide', 0.07738098736552203)","('know', 0.07548998755595564)","('need', 0.071600057018378)","('slip', 0.07059617394834092)","('across', 0.07059617394834092)"
"('light', 0.39939365985416064)","('inch', 0.39839612605286245)","('na', 0.32060033864669574)","('move', 0.2789641224346476)","('lost', 0.2688168807411059)","('darling', 0.2688168807411059)","('see', 0.21148098064926718)","('til', 0.19919806302643123)","('night', 0.19582049269713936)","('love', 0.1899982461599877)","('every', 0.18079960323214772)","('get', 0.16805798676325243)","('way', 0.1568810795045096)","('long', 0.1394820612173238)","('gone', 0.11856833147948172)","('hold', 0.1124041209933134)","('keep', 0.09215824943710779)","('beautiful', 0.0798639663867647)","('girl', 0.050005965482210986)","('vibe', 0.04979951575660781)"
"('trying', 0.6004917747802709)","('honest', 0.5411170689007245)","('oh', 0.19319054549935116)","('deserve', 0.190664740573159)","('hate', 0.1550237108694094)","('swear', 0.15160394202413327)","('hurt', 0.14564889379797902)","('promise', 0.13772259890323788)","('need', 0.13750983011778675)","('give', 0.13417504500562702)","('probably', 0.10846547660273913)","('regret', 0.0953323702865795)","('sorry', 0.09064496175086431)","('felt', 0.08668181430349374)","('cry', 0.08668181430349374)","('baby', 0.08374165146191018)","('got', 0.08247197863703384)","('hey', 0.0775118554347047)","('na', 0.06378260347070756)","('said', 0.06240011396709832)"
"('patience', 0.46053277016278577)","('losing', 0.3915030433713534)","('driving', 0.27964503097953813)","('say', 0.2780421506751344)","('willing', 0.2631615829501633)","('morning', 0.22371602478363048)","('wake', 0.1918694592445707)","('crazy', 0.18103113556320605)","('yeah', 0.1440340613890415)","('alone', 0.13812212192222392)","('love', 0.13691326783246346)","('first', 0.13317576006656756)","('lure', 0.13158079147508164)","('tell', 0.1295352493332827)","('make', 0.12417271485913423)","('cause', 0.12345776690489273)","('always', 0.11431792580852841)","('taste', 0.11185801239181524)","('give', 0.1113732456580052)","('mind', 0.10128395197345653)"
"('bad', 0.49262504976090193)","('nobody', 0.29384676932468307)","('reputation', 0.2937083412616591)","('lady', 0.25754870467567026)","('know', 0.2355514235425936)","('trust', 0.21894446656040084)","('underneath', 0.20651667772937404)","('treat', 0.20651667772937404)","('said', 0.20276424766866813)","('got', 0.2009896413518792)","('let', 0.17873093799527845)","('care', 0.1679124396141046)","('way', 0.15212692658994162)","('see', 0.12152427991014077)","('need', 0.11915395866351897)","('weight', 0.11748333650466365)","('could', 0.11259413344610242)","('shoulder', 0.10947223328020042)","('one', 0.09356069945028965)","('say', 0.0907039633835657)"
"('understand', 0.5528530857018676)","('really', 0.24499548206488705)","('praying', 0.24170712043316608)","('na', 0.23773246317856284)","('turning', 0.18128034032487456)","('forget', 0.16309133025841)","('ta', 0.16231148113827612)","('changing', 0.14536051994005603)","('need', 0.13978113514995064)","('sometimes', 0.1382132714254669)","('yeah', 0.1322915671518516)","('old', 0.13217035890984272)","('ask', 0.13217035890984272)","('lost', 0.12231849769380748)","('someone', 0.11818822477230777)","('else', 0.11445193843836907)","('time', 0.11328984559718498)","('train', 0.11025704439547679)","('belong', 0.11025704439547679)","('got', 0.10479275174429813)"
"('hold', 0.5671573394490275)","('much', 0.2644037661548142)","('shawn', 0.2292415520691659)","('dad', 0.2292415520691659)","('ahead', 0.2292415520691659)","('ta', 0.22498055072908654)","('matter', 0.19157793216660757)","('alright', 0.19157793216660757)","('slow', 0.17594611754846085)","('stay', 0.1638211401466685)","('everything', 0.1638211401466685)","('going', 0.1539143122640492)","('minute', 0.15282770137944396)","('life', 0.14956502223973966)","('got', 0.1452536249100181)","('seen', 0.12771862144440504)","('know', 0.1225664292067204)","('lately', 0.1172974116989739)","('always', 0.09702547242508242)","('say', 0.08849390034155179)"
"('let', 0.38971739843973263)","('die', 0.29837611239746775)","('rose', 0.28078857606727475)","('worried', 0.25616885792781274)","('flame', 0.25616885792781274)","('fire', 0.2251516812977126)","('many', 0.21408117177851213)","('honest', 0.19661320376867356)","('trying', 0.1772767899964018)","('might', 0.1772767899964018)","('wrong', 0.17199348562921152)","('grow', 0.16886376097328445)","('start', 0.1671333167450467)","('feel', 0.1592838754735623)","('heart', 0.1563070382446826)","('crazy', 0.15452551761937297)","('face', 0.14209609022928754)","('tell', 0.13821173213454893)","('got', 0.12173661864706642)","('know', 0.11984297422709243)"
"('party', 0.41378756886914464)","('sorry', 0.3442617492917416)","('life', 0.30716043697459244)","('people', 0.2741803335554953)","('care', 0.2523285804374221)","('scary', 0.1935142482405153)","('ordinary', 0.1935142482405153)","('tonight', 0.180669536034772)","('shot', 0.17654679780367885)","('time', 0.16930947377210503)","('telling', 0.16450820013329717)","('best', 0.16450820013329717)","('cause', 0.16139361433281652)","('baby', 0.15902178600997444)","('mistake', 0.15517033832592925)","('come', 0.13861220338394603)","('might', 0.12217585639390846)","('break', 0.11518516386547217)","('say', 0.11358699000712459)","('love', 0.11186480860809711)"
"('stitch', 0.40011449703488666)","('needing', 0.40011449703488666)","('thread', 0.3112001643604674)","('needle', 0.3112001643604674)","('without', 0.2593075286762269)","('kiss', 0.24903765036199668)","('knee', 0.15117374526491842)","('falling', 0.15117374526491842)","('head', 0.14034089012774392)","('begging', 0.13558161655610598)","('wind', 0.13337149901162887)","('tripping', 0.13337149901162887)","('bleed', 0.13337149901162887)","('aching', 0.13337149901162887)","('breathe', 0.12965376433811346)","('shaking', 0.12167740248001954)","('onto', 0.12167740248001954)","('dead', 0.12167740248001954)","('watch', 0.10694458321719535)","('gon', 0.09786390509707826)"
"('alone', 0.6081278597821287)","('never', 0.5082235911130881)","('piece', 0.26738192815698536)","('apart', 0.20385956328412294)","('longer', 0.16262514219975616)","('make', 0.12616408349318395)","('heart', 0.11907515000997032)","('talk', 0.11621556376323953)","('stay', 0.11621556376323953)","('hey', 0.11621556376323953)","('little', 0.1091876088457411)","('hold', 0.10058608719167211)","('take', 0.09713285201817543)","('thing', 0.09355813227417366)","('safe', 0.08912730938566178)","('may', 0.08912730938566178)","('lay', 0.08912730938566178)","('need', 0.08246884216873356)","('let', 0.08246884216873356)","('keep', 0.08246884216873356)"
"('oh', 0.6690456059218097)","('kid', 0.3791850403627523)","('grow', 0.27512433073733206)","('maybe', 0.23962182687089634)","('ever', 0.21662355760306784)","('alright', 0.20927736810864436)","('got', 0.20230841507512523)","('love', 0.19040792007070612)","('na', 0.13498710279829437)","('yeah', 0.11804037824273296)","('make', 0.09713778048209849)","('falling', 0.08750424008371206)","('baby', 0.08458593875735326)","('two', 0.07847901304074163)","('feel', 0.07785483880791713)","('cause', 0.07511660433628461)","('kinda', 0.068621978413787)","('mine', 0.05502486614746642)","('tonight', 0.04805034169782907)","('town', 0.0343109892068935)"
"('running', 0.49214225757589086)","('name', 0.40536784762383704)","('even', 0.33531010064040206)","('kill', 0.24607112878794543)","('know', 0.21178851638250717)","('everyday', 0.1980588343814207)","('face', 0.19531135294378926)","('stop', 0.18871636357149868)","('smile', 0.1740776764106442)","('searching', 0.14472916688198614)","('punched', 0.14472916688198614)","('hole', 0.14472916688198614)","('remember', 0.141537272678624)","('till', 0.12303556439397272)","('dying', 0.1160517842737628)","('arm', 0.1160517842737628)","('looking', 0.09137523500081715)","('start', 0.08614690109379022)","('gone', 0.08614690109379022)","('hold', 0.0816682378247103)"
"('ah', 0.8781535232362011)","('wah', 0.33462999936856874)","('big', 0.16731499968428437)","('something', 0.13975456873898015)","('happening', 0.13689409065077815)","('oh', 0.13032230048635005)","('air', 0.08871877575067609)","('feel', 0.06212509524051513)","('woah', 0.051722175881342716)","('pulling', 0.04563136355025938)","('grabbing', 0.04563136355025938)","('hand', 0.04291501995271785)","('pushing', 0.04163037702630072)","('control', 0.03879163191100704)","('bone', 0.036589730134841715)","('win', 0.02775358468420048)","('feeling', 0.017619872844834124)","('yell', 0.015210454516753126)","('worked', 0.015210454516753126)","('stomp', 0.015210454516753126)"
"('string', 0.6121585256230612)","('attached', 0.540070632317944)","('girl', 0.2033660843935779)","('want', 0.15740397509693993)","('pa', 0.135017658079486)","('brings', 0.135017658079486)","('get', 0.13500530380122736)","('back', 0.12383975750666647)","('let', 0.10410903619121677)","('forever', 0.09844052750315488)","('moment', 0.09454178902916192)","('better', 0.09454178902916192)","('lost', 0.09110285797578434)","('hmm', 0.09001177205299067)","('eternity', 0.09001177205299067)","('cause', 0.08445497437913603)","('always', 0.07820259297799283)","('work', 0.07651981570288265)","('look', 0.07253378724939087)","('whatever', 0.07217637589878892)"
"('memory', 0.3746011995710159)","('aftertaste', 0.3746011995710159)","('replace', 0.2996809596568127)","('permanent', 0.2996809596568127)","('erase', 0.2734047454964955)","('one', 0.24494904963180258)","('remember', 0.24422643236179054)","('kiss', 0.20984199005475024)","('leave', 0.20124214935689924)","('turn', 0.16387163077903288)","('forgive', 0.14984047982840634)","('pretty', 0.13670237274824776)","('take', 0.13608280535100142)","('gon', 0.12369187894028927)","('forget', 0.10110452326757353)","('told', 0.09769057294471621)","('please', 0.08455246586455761)","('na', 0.08038717486524331)","('threw', 0.07492023991420317)","('smell', 0.07492023991420317)"
"('air', 0.965879935035075)","('trying', 0.08485182288376719)","('suffocating', 0.07679813672725065)","('stringing', 0.07679813672725065)","('spare', 0.07679813672725065)","('harm', 0.07679813672725065)","('hard', 0.07056258881976675)","('time', 0.064792498729459)","('coming', 0.05855307694938793)","('along', 0.05855307694938793)","('breathe', 0.055993039712178255)","('mean', 0.05560211080329352)","('shawn', 0.052548321014198526)","('astrid', 0.038399068363625326)","('would', 0.023520862939922248)","('thought', 0.02166794928022339)","('leave', 0.02062863402372397)","('tie', 0.019199534181812663)","('surfacing', 0.019199534181812663)","('stained', 0.019199534181812663)"
"('need', 0.4385238222133434)","('feeling', 0.30500163164330624)","('wait', 0.27465345635418964)","('guess', 0.27465345635418964)","('crazy', 0.2318367818569329)","('making', 0.23035953437047238)","('shine', 0.2106355016974437)","('think', 0.20706399999697586)","('someone', 0.20599009226564222)","('sun', 0.17906313144111793)","('thought', 0.17828711327739039)","('watch', 0.16889909843342057)","('help', 0.13732672817709482)","('know', 0.12843005710556582)","('really', 0.12200065265732249)","('got', 0.10958588459467056)","('complete', 0.10531775084872184)","('awake', 0.10531775084872184)","('sleeping', 0.09608342451930457)","('shoe', 0.09608342451930457)"
"('much', 0.4336021971995495)","('little', 0.38243612393492854)","('sometimes', 0.38081616053261275)","('would', 0.26770528675444993)","('realize', 0.24973898117950177)","('fog', 0.24973898117950177)","('clear', 0.24973898117950177)","('get', 0.23410887165194)","('soon', 0.22784171095864134)","('afraid', 0.20352597797666425)","('ta', 0.13416403740382943)","('got', 0.10827498589498075)","('okay', 0.10615267524358342)","('wa', 0.08188493184918783)","('knew', 0.07883676312719082)","('know', 0.07613624331106406)","('said', 0.06553858967655546)","('barely', 0.06243474529487544)","('let', 0.05777040944081823)","('use', 0.056960427739660334)"
"('take', 0.32223960147981684)","('wall', 0.31612443316452893)","('bear', 0.2956811013026763)","('pain', 0.2513611593513165)","('shining', 0.1971207342017842)","('seam', 0.1971207342017842)","('darkness', 0.1971207342017842)","('trying', 0.18667923473133236)","('let', 0.18239436183055052)","('noticed', 0.17983706481799494)","('break', 0.1759977697515166)","('wasting', 0.16757410623421098)","('bit', 0.16757410623421098)","('underneath', 0.15806221658226446)","('cause', 0.1541263823692551)","('seen', 0.1502904368504217)","('light', 0.1437194907143859)","('one', 0.14321760065769637)","('little', 0.12074380888284848)","('hard', 0.12074380888284848)"
"('bring', 0.5909759500538959)","('back', 0.4336399809504082)","('sad', 0.1969919833512986)","('burnt', 0.1969919833512986)","('worse', 0.16746465398006644)","('far', 0.157958977088474)","('black', 0.157958977088474)","('used', 0.1501922735514532)","('god', 0.1501922735514532)","('coming', 0.1501922735514532)","('thinking', 0.13291989312283997)","('something', 0.12066494418022101)","('go', 0.10734304277509572)","('thing', 0.10339256375160777)","('thunder', 0.0984959916756493)","('spinning', 0.0984959916756493)","('somehow', 0.0984959916756493)","('possibly', 0.0984959916756493)","('hurricane', 0.0984959916756493)","('beating', 0.0984959916756493)"
"('craving', 0.42912915609822583)","('imagination', 0.3919763629885583)","('mouth', 0.21456457804911291)","('dream', 0.21456457804911291)","('wait', 0.20444352834422222)","('true', 0.18858488844223786)","('beautiful', 0.18858488844223786)","('say', 0.16565632378004858)","('kiss', 0.1646813334249926)","('first', 0.15869109612101956)","('typical', 0.15679054519542332)","('everything', 0.15333264625816667)","('word', 0.14848533873777078)","('time', 0.14697768625479535)","('na', 0.1401929681960783)","('damn', 0.13328905040604255)","('maybe', 0.1263458299790575)","('night', 0.11559902244009393)","('know', 0.11471922925121257)","('together', 0.11431500291212482)"
"('lift', 0.6073650751280543)","('weight', 0.5541109250951726)","('pushed', 0.18688156157786284)","('back', 0.1799804260963944)","('happier', 0.17049566926005308)","('needed', 0.14985188636277202)","('try', 0.14308991673465415)","('heavy', 0.14016117118339713)","('break', 0.13904650102965033)","('tell', 0.128783423343036)","('stay', 0.12184001842660713)","('heart', 0.10403166610944423)","('want', 0.10212518594012966)","('away', 0.09808604106991352)","('time', 0.08759271641718581)","('shoulder', 0.07943484682084899)","('yeah', 0.07306024689424193)","('stand', 0.07124190066194411)","('take', 0.06788917706887986)","('forget', 0.06304895450303921)"
"('ah', 0.7371200230000002)","('know', 0.4016934571786312)","('ey', 0.22981716198597807)","('summer', 0.20966664934421644)","('seem', 0.1996366728958334)","('last', 0.18428000575000006)","('mean', 0.14420328239483796)","('though', 0.1292238398457025)","('close', 0.1123743576467912)","('tell', 0.09803926028703143)","('coming', 0.08760956022830232)","('let', 0.07974304701103581)","('slipping', 0.07660572066199269)","('home', 0.07491623843119413)","('hold', 0.06484098211031332)","('go', 0.06261491719061196)","('lied', 0.05745429049649452)","('lately', 0.05364070140358484)","('tearing', 0.048842408274591576)","('picture', 0.048842408274591576)"
"('em', 0.6393431343288938)","('way', 0.3933774802271358)","('either', 0.3196715671644469)","('tell', 0.2517615873453669)","('hate', 0.20841429890102273)","('little', 0.14685807698242864)","('could', 0.13975276302617945)","('maybe', 0.12879976092868708)","('wanted', 0.1281650981286812)","('trying', 0.12614105885680363)","('famous', 0.11987683768666758)","('love', 0.11087555258625462)","('get', 0.10488263521023969)","('okay', 0.10190837617804022)","('everybody', 0.10190837617804022)","('somebody', 0.09513878740650775)","('surface', 0.07991789179111172)","('hey', 0.07815536208788351)","('hide', 0.07291064100564607)","('anxious', 0.07291064100564607)"
"('doin', 0.6732030391748519)","('round', 0.2763792788561887)","('knew', 0.2762688178307328)","('huh', 0.26928121566994073)","('attention', 0.2149616613325912)","('runnin', 0.18425285257079244)","('want', 0.14715413328253368)","('karma', 0.13464060783497037)","('gettin', 0.12283523504719497)","('dress', 0.11445918975565508)","('sure', 0.10796222428125574)","('mine', 0.10796222428125574)","('bout', 0.10796222428125574)","('ya', 0.10265381696787966)","('perfume', 0.10098045587622778)","('making', 0.09816562253521756)","('expect', 0.09212642628539622)","('thinking', 0.09084844418010422)","('already', 0.08584439231674132)","('regret', 0.0809716682109418)"
"('goin', 0.42586179934240637)","('ha', 0.36202893974129036)","('shady', 0.34068943947392505)","('long', 0.2981960801401743)","('baby', 0.20997307807747959)","('oh', 0.18872893612619507)","('lately', 0.1789176480841046)","('encore', 0.17034471973696252)","('creepin', 0.17034471973696252)","('apology', 0.17034471973696252)","('actin', 0.17034471973696252)","('round', 0.15540878806478203)","('real', 0.14481157589651614)","('feelin', 0.14481157589651614)","('ta', 0.13726813036392643)","('said', 0.13410985306756304)","('yeah', 0.13319053175749102)","('honestly', 0.12987564422433562)","('callin', 0.1277585398027219)","('save', 0.11655659104858652)"
"('done', 0.6032469288464203)","('baby', 0.5623023886426395)","('tell', 0.27943189644365896)","('honestly', 0.23669964796351942)","('oh', 0.1834455228651898)","('die', 0.15081173221160507)","('lie', 0.1293432847967132)","('cry', 0.1293432847967132)","('given', 0.12138602378913747)","('knee', 0.1131087991587038)","('thing', 0.09311106114986396)","('beg', 0.08870141111850767)","('everything', 0.08674516742500206)","('ground', 0.07540586610580254)","('please', 0.07507907453637802)","('say', 0.06247804318251549)","('fall', 0.04881477608039224)","('uncomfortable', 0.044350705559253835)","('stopping', 0.044350705559253835)","('leaving', 0.044350705559253835)"
"('patient', 0.6902677160316549)","('please', 0.4544242238457708)","('trust', 0.2934013919051438)","('another', 0.16775662050700338)","('na', 0.1645859106105166)","('baby', 0.1620664790856736)","('wait', 0.15000986102374841)","('gon', 0.1266243064558509)","('need', 0.10644993795946557)","('minute', 0.1049574350904165)","('asking', 0.09224908588210211)","('made', 0.08387831025350169)","('wa', 0.075442133780363)","('know', 0.07014575848932009)","('still', 0.06491774626368155)","('war', 0.05752230966930458)","('immature', 0.05752230966930458)","('night', 0.05654697063508113)","('taking', 0.05247871754520825)","('share', 0.05247871754520825)"
"('leave', 0.47168709293308153)","('biggest', 0.3192798533770976)","('part', 0.2714226704000009)","('baby', 0.2530002368839909)","('terrified', 0.23945989003282317)","('believe', 0.22356548742290422)","('walk', 0.20815891568041156)","('goodbye', 0.2035670028000007)","('give', 0.18016425824865914)","('thing', 0.16757617255939936)","('oh', 0.16507758699811145)","('girl', 0.1603017327033149)","('parted', 0.1596399266885488)","('night', 0.1569330977587814)","('right', 0.15065210411494037)","('please', 0.13512319368649436)","('think', 0.11769982331908604)","('take', 0.11598600909278454)","('gone', 0.09502220783369997)","('get', 0.08978924218672701)"
"('boy', 0.6768848442059361)","('treat', 0.5223790733295377)","('dare', 0.21715446126826024)","('beside', 0.18096205105688354)","('90', 0.18096205105688354)","('young', 0.1538374645922582)","('wanted', 0.1451052981470938)","('born', 0.10857723063413012)","('baby', 0.1019704620051484)","('gave', 0.09905711107650544)","('work', 0.09230247875535491)","('wake', 0.0791629777207595)","('seriously', 0.0723848204227534)","('tell', 0.07125953306932285)","('na', 0.06472228803565713)","('left', 0.0628882258419843)","('took', 0.058042119258837524)","('cause', 0.056596839269007646)","('wa', 0.04746736820370564)","('talk', 0.04719228467298738)"
"('slow', 0.6411327431856382)","('got', 0.29314628352192823)","('girl', 0.28289680833793196)","('ta', 0.2648617125519998)","('though', 0.19009591369671258)","('tryna', 0.16942924439730764)","('even', 0.16317812301294798)","('faster', 0.14086443415766645)","('staying', 0.1285133523814419)","('harder', 0.1285133523814419)","('convince', 0.1285133523814419)","('clothes', 0.1285133523814419)","('want', 0.12316512263054134)","('work', 0.1197501204008054)","('give', 0.11923115109767923)","('fall', 0.11628223933062494)","('oh', 0.10404468788405973)","('try', 0.08628472486771979)","('still', 0.07948743406511949)","('wrapping', 0.07043221707883322)"
"('another', 0.36955389189385957)","('change', 0.33368626522858097)","('along', 0.32204177489791136)","('get', 0.28508686310632914)","('supposed', 0.270956091893522)","('loving', 0.270956091893522)","('close', 0.2203061705155133)","('wrong', 0.20698349854032042)","('waste', 0.18477694594692978)","('day', 0.1815318958000947)","('make', 0.15944350992211748)","('one', 0.15344306423943768)","('got', 0.14650247441557204)","('know', 0.1442235907380672)","('ta', 0.13614892185007102)","('yeah', 0.13210456973037882)","('world', 0.11015308525775665)","('would', 0.10349174927016021)","('around', 0.09076594790004736)","('theirselves', 0.08447791149173692)"
"('noticed', 0.5155701199061534)","('believed', 0.37674680938273253)","('girl', 0.3152572145079251)","('believe', 0.2638048820925585)","('somebody', 0.22425037623383784)","('half', 0.21351723049176366)","('maybe', 0.16866233959910623)","('saw', 0.16013792286882275)","('tryna', 0.15104812799746456)","('lover', 0.15104812799746456)","('giving', 0.15104812799746456)","('another', 0.13734186764272424)","('rumor', 0.12558226979424417)","('told', 0.12281264617492103)","('friend', 0.11893016792954408)","('warning', 0.11457113775692299)","('sign', 0.11457113775692299)","('one', 0.11405187433674567)","('baby', 0.08845557670644533)","('love', 0.08711443236557904)"
"('cup', 0.43659761402659575)","('empty', 0.398316461893394)","('oh', 0.3224778685546586)","('party', 0.2800703311379897)","('body', 0.2800703311379897)","('real', 0.22269333132536673)","('hand', 0.19709175997730735)","('another', 0.19099234889451952)","('room', 0.17675594876552464)","('television', 0.17463904561063828)","('na', 0.17176726281694418)","('turn', 0.15916029074543292)","('one', 0.14274403118542736)","('let', 0.1413931935083083)","('listen', 0.12732823259634635)","('gettin', 0.11949493856801821)","('nobody', 0.11385834084193436)","('moment', 0.09171404711738801)","('rhythm', 0.08731952280531914)","('close', 0.08539375563145077)"
"('mmm', 0.3920039171889152)","('yeah', 0.33715357475263236)","('tomorrow', 0.3332460500882588)","('god', 0.2988749012120175)","('cry', 0.28580759687493723)","('already', 0.2499345375661941)","('come', 0.21059118588451267)","('least', 0.1960019585944576)","('see', 0.1849669320539882)","('never', 0.1596637758932972)","('know', 0.11950759740039793)","('back', 0.10786515794347297)","('recklessness', 0.0980009792972288)","('price', 0.0980009792972288)","('pay', 0.0980009792972288)","('lived', 0.0980009792972288)","('faith', 0.0980009792972288)","('city', 0.0980009792972288)","('wild', 0.08940819207816848)","('fell', 0.08940819207816848)"
"('call', 0.5283803701254471)","('mon', 0.39529550735211083)","('away', 0.3457891640167416)","('superman', 0.3294129227934257)","('save', 0.3005297914913623)","('one', 0.2632675932395905)","('nothing', 0.17696623685349377)","('day', 0.17696623685349377)","('got', 0.11425426467467326)","('matter', 0.10046150096035932)","('na', 0.0942533882532176)","('alone', 0.06915783280334832)","('worry', 0.06588258455868513)","('weak', 0.06588258455868513)","('reaching', 0.06588258455868513)","('holdin', 0.06588258455868513)","('ay', 0.06588258455868513)","('anywhere', 0.06588258455868513)","('set', 0.056007376740592335)","('scared', 0.056007376740592335)"
"('dangerously', 0.576347802998624)","('loved', 0.4621472806154769)","('speed', 0.19211593433287466)","('ruined', 0.19211593433287466)","('explosion', 0.19211593433287466)","('crash', 0.17527108893488547)","('breathe', 0.1400705225264387)","('air', 0.1400705225264387)","('tied', 0.12807728955524977)","('choking', 0.12807728955524977)","('awoken', 0.12807728955524977)","('care', 0.12525264012956017)","('knew', 0.12129302631433118)","('would', 0.11767818211702119)","('going', 0.11767818211702119)","('obsessed', 0.11684739262325698)","('gave', 0.11684739262325698)","('oh', 0.11351988197586119)","('honestly', 0.09764975701730222)","('love', 0.08884518807318824)"
"('marvin', 0.49471164737339474)","('gaye', 0.49471164737339474)","('dawn', 0.2872131948086551)","('song', 0.2524371394132494)","('let', 0.22887651970807738)","('trouble', 0.21637469092564232)","('get', 0.1854998927482834)","('subtle', 0.17989514449941627)","('healing', 0.17989514449941627)","('pull', 0.14424979395042822)","('mercy', 0.14424979395042822)","('closer', 0.14424979395042822)","('got', 0.12479041367915092)","('say', 0.11087263896427996)","('want', 0.09830731788954414)","('babe', 0.09103787996871789)","('lovin', 0.08994757224970813)","('screaming', 0.08206091280247287)","('woah', 0.07646523887361581)","('without', 0.06558021066160616)"
"('losing', 0.5157276080385733)","('mind', 0.5114491517041299)","('run', 0.3475311905040454)","('lose', 0.3475311905040454)","('nothing', 0.18623337413723842)","('enough', 0.185801127453381)","('much', 0.16415020769361444)","('yeah', 0.1626311210031909)","('time', 0.1462351511410398)","('oh', 0.11522289926669822)","('man', 0.09911469180891752)","('got', 0.0901780373403191)","('road', 0.07906688599663829)","('harder', 0.07906688599663829)","('kind', 0.0694933898722936)","('sorry', 0.06607646120594501)","('easy', 0.06607646120594501)","('try', 0.053086036415251725)","('even', 0.05019706439186042)","('temporary', 0.043332898683816165)"
"('anymore', 0.6117440847121207)","('talk', 0.5053538091100128)","('used', 0.27993679701251356)","('overdosed', 0.16318432234313637)","('brain', 0.16318432234313637)","('known', 0.15552044278472976)","('shame', 0.14887621879726934)","('wa', 0.14268056513312824)","('game', 0.13872445777365086)","('oh', 0.13258355940602992)","('love', 0.12734817852529767)","('tight', 0.111657164097952)","('onto', 0.111657164097952)","('wearing', 0.10404334333023815)","('dress', 0.10404334333023815)","('kind', 0.09813760512869511)","('holding', 0.09331226567083785)","('tonight', 0.08569844490312399)","('way', 0.08032373739750613)","('looking', 0.07727021852501813)"
"('love', 0.45085379760806044)","('make', 0.292070932098879)","('throw', 0.22588715686693014)","('crazy', 0.20438860203842799)","('nothing', 0.1995196544703841)","('ashamed', 0.1856974350091291)","('insane', 0.16941536765019763)","('afraid', 0.1614240143133598)","('trust', 0.15786305701249073)","('pride', 0.15786305701249073)","('fool', 0.15786305701249073)","('le', 0.14158098965355922)","('everyone', 0.14158098965355922)","('pile', 0.12379829000608607)","('care', 0.12106801073501984)","('cause', 0.11615571132728818)","('need', 0.11454964488037662)","('blow', 0.11294357843346507)","('baby', 0.10899875790290514)","('know', 0.10567634542940102)"
"('crime', 0.4316660807081955)","('reeling', 0.317360840643091)","('dry', 0.317360840643091)","('hang', 0.2895344434492692)","('game', 0.26979130044262223)","('yesterday', 0.2538886725144728)","('night', 0.24958377700394568)","('playing', 0.23162755475941538)","('play', 0.2141385060549786)","('thing', 0.13325517268360784)","('said', 0.13325517268360784)","('mind', 0.13028673777930214)","('wait', 0.1241446732744492)","('longer', 0.11581377737970769)","('come', 0.10229499173926761)","('try', 0.07775814521933264)","('little', 0.07775814521933264)","('back', 0.06986088801667384)","('maybe', 0.06819666115951174)","('voice', 0.0634721681286182)"
"('left', 0.8167410492890429)","('right', 0.47129753384781264)","('step', 0.17626407823110996)","('almost', 0.17626407823110996)","('moving', 0.0749218378532905)","('one', 0.07470414400272705)","('regret', 0.07066910292785106)","('far', 0.047112735285234034)","('time', 0.04406198746393797)","('every', 0.03999596547788263)","('lost', 0.03964459541498831)","('come', 0.03156402239525002)","('baby', 0.031038499141057562)","('got', 0.030567900123765993)","('tough', 0.02937734637185166)","('stride', 0.02937734637185166)","('luck', 0.02937734637185166)","('hurting', 0.02937734637185166)","('flash', 0.02937734637185166)","('darkest', 0.02937734637185166)"
"('beautiful', 0.8442488601960928)","('word', 0.16618322260692445)","('girl', 0.16519292613811296)","('remains', 0.1316087414574022)","('opened', 0.1316087414574022)","('express', 0.1316087414574022)","('completely', 0.1316087414574022)","('describe', 0.12006920461173562)","('changed', 0.12006920461173562)","('wearing', 0.111881772922769)","('dress', 0.111881772922769)","('room', 0.0888026992314358)","('walk', 0.08580413898987838)","('everything', 0.08580413898987838)","('door', 0.08580413898987838)","('know', 0.08024534347132302)","('life', 0.07833725210795912)","('eye', 0.07426460214421178)","('look', 0.07070245913620753)","('masterpiece', 0.0658043707287011)"
"('suffer', 0.7286955415781636)","('make', 0.47607891944751246)","('waiting', 0.16816050959496084)","('sucker', 0.16816050959496084)","('hearted', 0.16816050959496084)","('lover', 0.13484032004960989)","('cold', 0.128210340481714)","('wait', 0.109634569695851)","('baby', 0.09870511498055536)","('come', 0.09033869199189767)","('black', 0.08989354669973994)","('lie', 0.08173651508595968)","('na', 0.0801916414678328)","('keep', 0.0777988397741962)","('love', 0.07776685548404776)","('go', 0.06108830917023805)","('girl', 0.05628587956139475)","('wear', 0.05605350319832028)","('tempting', 0.05605350319832028)","('magic', 0.05605350319832028)"
"('judge', 0.4236197910607626)","('always', 0.3457836036152786)","('could', 0.28999312160332336)","('never', 0.27017632681464954)","('love', 0.2530788057317628)","('climb', 0.24206845203472147)","('would', 0.20315797343158937)","('mount', 0.19899976281501938)","('kilimanjaro', 0.19899976281501938)","('baby', 0.18689091289812162)","('thousand', 0.1815513390260411)","('take', 0.16867993849943635)","('time', 0.14923616557286318)","('riding', 0.13266650854334625)","('nothing', 0.10690606446607392)","('heart', 0.08862202009118053)","('friend', 0.08375943602833665)","('cause', 0.08298430545582154)","('break', 0.07896686504981618)","('wishlist', 0.06633325427167312)"
"('type', 0.8063674495281387)","('love', 0.3289956622326704)","('single', 0.151193896786526)","('done', 0.151193896786526)","('reason', 0.1426117852980649)","('fire', 0.1426117852980649)","('give', 0.13381213994210606)","('move', 0.1245354235909391)","('moment', 0.1245354235909391)","('world', 0.11595331210247797)","('every', 0.10761696989123995)","('even', 0.1030125740419413)","('woah', 0.10079593119101733)","('said', 0.09334700929914222)","('old', 0.0864473648250188)","('planned', 0.05928412332737097)","('gray', 0.05928412332737097)","('fading', 0.05928412332737097)","('answered', 0.05928412332737097)","('sing', 0.054086054278738166)"
"('know', 0.3743563314530852)","('sorry', 0.3120741944862092)","('shoe', 0.2800702508987475)","('dying', 0.2461590701594756)","('put', 0.21495785926100425)","('moment', 0.21495785926100425)","('stuck', 0.18671350059916497)","('middle', 0.18671350059916497)","('could', 0.17894320529292063)","('lying', 0.17398164286339654)","('still', 0.17322764669494714)","('cause', 0.16001971793730865)","('matter', 0.1560370972431046)","('le', 0.1560370972431046)","('inside', 0.13342964341692334)","('head', 0.12921152985949072)","('really', 0.11853849426679641)","('say', 0.1081152550572039)","('said', 0.10741614826675226)","('truce', 0.10232902310972845)"
"('youth', 0.6875990287088166)","('away', 0.36089096216945754)","('soul', 0.2389752058647161)","('take', 0.23789211386472076)","('today', 0.22267966047736157)","('mine', 0.21003985349409654)","('wake', 0.19098062412774566)","('long', 0.18341683382755486)","('break', 0.1559155905955417)","('never', 0.1333619535664289)","('let', 0.12118672591529596)","('pain', 0.11133983023868078)","('turn', 0.09549031206387283)","('hate', 0.08538851342214492)","('change', 0.07390487279091883)","('broken', 0.05566991511934039)","('waking', 0.032742810890896035)","('scrolling', 0.032742810890896035)","('outside', 0.032742810890896035)","('note', 0.032742810890896035)"
"('mercy', 0.6854260116085664)","('please', 0.28373507303399736)","('would', 0.2463987220118757)","('begging', 0.23002031271731738)","('heart', 0.17914099164420885)","('even', 0.17474217350895613)","('though', 0.16963963735454657)","('tearing', 0.12823653030458942)","('easy', 0.11501015635865869)","('apart', 0.11501015635865869)","('hurt', 0.09239952075445339)","('sacrifice', 0.09174719464190934)","('ripping', 0.09174719464190934)","('puppet', 0.09174719464190934)","('prepared', 0.09174719464190934)","('intention', 0.09174719464190934)","('gladly', 0.09174719464190934)","('consuming', 0.09174719464190934)","('mean', 0.08737108675447806)","('string', 0.08549102020305963)"
"('miss', 0.6187492176019386)","('la', 0.4781243954196798)","('baby', 0.3257116056165217)","('messing', 0.3082798112126267)","('girl', 0.2631241480870883)","('world', 0.10049364303671009)","('weather', 0.09248394336378801)","('tiffany', 0.09248394336378801)","('nicole', 0.09248394336378801)","('nicky', 0.09248394336378801)","('heather', 0.09248394336378801)","('east', 0.09248394336378801)","('coast', 0.09248394336378801)","('wa', 0.08086353588023165)","('hell', 0.07862143073360107)","('caught', 0.07051238067916832)","('room', 0.062403330624735534)","('change', 0.05218713576759329)","('could', 0.040431767940115826)","('wrong', 0.037766578699320916)"
"('river', 0.8129780435497606)","('run', 0.5764978164089919)","('view', 0.033410056584236736)","('love', 0.027038698530511565)","('oh', 0.02632233981298583)","('different', 0.023394321646282374)","('looking', 0.021093548989089123)","('fall', 0.018386454177305195)","('maybe', 0.017948451859863303)","('thing', 0.017535492290416333)","('mind', 0.017144866048066656)","('hurt', 0.013643271312232905)","('look', 0.011965634573242201)","('water', 0.011136685528078913)","('rough', 0.011136685528078913)","('cruel', 0.011136685528078913)","('cause', 0.01044917203039499)","('rush', 0.010160213968767907)","('pushing', 0.010160213968767907)","('running', 0.009467396371753187)"
"('feel', 0.4892505618292052)","('doe', 0.410977465775703)","('gon', 0.23731748140688363)","('missing', 0.22912030516721205)","('better', 0.22646623862790857)","('loved', 0.21611491245621153)","('hang', 0.1967097380254451)","('different', 0.18872186552325712)","('find', 0.1650902932438966)","('bother', 0.16171124688670013)","('never', 0.1536855373559151)","('soon', 0.14753230351908383)","('nothing', 0.1447900635659616)","('phone', 0.13612923600577104)","('ready', 0.1232932397327109)","('question', 0.1232932397327109)","('got', 0.11217653178865034)","('wondered', 0.10780749792446677)","('anymore', 0.10542988368735398)","('might', 0.10209692700432828)"
"('model', 0.32456162638065167)","('instagram', 0.32456162638065167)","('trouble', 0.2602513139523718)","('wanted', 0.21687609496030982)","('lord', 0.21637441758710113)","('bottle', 0.21637441758710113)","('going', 0.19880611314229354)","('nothing', 0.17436003773188904)","('throttle', 0.16228081319032583)","('problem', 0.16228081319032583)","('posted', 0.16228081319032583)","('liar', 0.16228081319032583)","('full', 0.16228081319032583)","('facing', 0.16228081319032583)","('emotion', 0.16228081319032583)","('open', 0.15775723048701268)","('wa', 0.14189057995149484)","('uh', 0.13795637652958614)","('dying', 0.1301256569761859)","('met', 0.12372749323188649)"
