word,Charlie Puth,word,Shawn Mendes
baby,0.36826243294744143,know,0.4809298916216149
oh,0.3345482665508447,oh,0.2717522064181616
run,0.31346394374352127,yeah,0.21811690251984023
river,0.2660798592241518,ah,0.21632905905656283
love,0.25415294668203703,get,0.21454121559328546
know,0.19709820354933483,baby,0.18414787671757002
got,0.17894442164347504,got,0.16805728554807361
girl,0.14782365266200112,cause,0.16448159862151884
left,0.1452302552468783,take,0.1609059116949641
yeah,0.1452302552468783,na,0.15733022476840933
one,0.14004346041663265,air,0.14660316398874507
tell,0.134856665586387,time,0.1340882597458034
na,0.12966987075614134,say,0.1269368858926939
way,0.12707647334101851,love,0.12514904242941652
right,0.11929628109565003,let,0.12514904242941652
cause,0.11670288368052721,tell,0.11978551203958439
get,0.11410948626540438,go,0.10548276433336536
wa,0.1063292940200359,little,0.09475570355370108
nothing,0.1063292940200359,need,0.08939217316386894
make,0.10373589660491307,want,0.08760432970059157
boy,0.09476816903873898,heart,0.08581648623731418
mind,0.08558211469905329,feel,0.08581648623731418
could,0.08039531986880763,never,0.08581648623731418
want,0.07780192245368481,away,0.08402864277403681
never,0.07780192245368481,one,0.08224079931075942
say,0.07520852503856199,keep,0.0750894254576499
doin,0.07289859156826076,way,0.07330158199437253
anymore,0.07002173020831633,back,0.07151373853109515
go,0.07002173020831633,please,0.07151373853109515
time,0.0674283327931935,think,0.07151373853109515
la,0.06560873241143468,mind,0.0679380516045404
feel,0.06483493537807067,see,0.06615020814126302
take,0.062241537962947846,mercy,0.06436236467798565
please,0.05964814054782502,trying,0.06436236467798565
talk,0.05964814054782502,mean,0.06257452121470826
em,0.058318873254608605,could,0.06257452121470826
miss,0.05705474313270219,hold,0.0589988342881535
ta,0.05705474313270219,every,0.0589988342881535
let,0.054461345717579365,lost,0.05721099082487612
maybe,0.054461345717579365,wah,0.055280535340703554
thing,0.051867948302456536,hard,0.055280535340703554
away,0.04927455088733371,honest,0.055280535340703554
another,0.04927455088733371,even,0.053635303898321364
done,0.04927455088733371,seem,0.05276778373430794
gon,0.04927455088733371,youth,0.05276778373430794
said,0.04927455088733371,make,0.051847460435043985
round,0.04738408451936949,wa,0.051847460435043985
suffer,0.04738408451936949,much,0.051847460435043985
treat,0.046681153472210885,string,0.050255032127912325
knew,0.046681153472210885,promise,0.050059616971766606
give,0.044087756057088055,right,0.050059616971766606
type,0.044087756057088055,wrong,0.050059616971766606
leave,0.044087756057088055,something,0.04827177350848923
night,0.044087756057088055,night,0.04827177350848923
patient,0.043739154940956454,alone,0.04827177350848923
beautiful,0.04149435864196523,would,0.04827177350848923
real,0.040094225362543416,said,0.04648393004521185
marvin,0.040094225362543416,break,0.04648393004521185
gaye,0.040094225362543416,ever,0.04648393004521185
change,0.038900961226842404,begging,0.04522952891512109
somebody,0.038900961226842404,maybe,0.04290824311865709
day,0.038900961226842404,tonight,0.04290824311865709
loved,0.038900961226842404,though,0.04290824311865709
goin,0.03644929578413038,ta,0.04290824311865709
messing,0.03644929578413038,darling,0.04290824311865709
cup,0.03644929578413038,perfectly,0.04271677730872547
come,0.036307563811719575,better,0.04112039965537971
every,0.036307563811719575,crazy,0.04112039965537971
wanted,0.036307563811719575,grow,0.04020402570232986
losing,0.036307563811719575,around,0.03933255619210233
call,0.03371416639659675,leave,0.03933255619210233
going,0.03371416639659675,last,0.037691274095934243
honestly,0.03371416639659675,weight,0.037691274095934243
slow,0.03371416639659675,kid,0.037691274095934243
world,0.03371416639659675,look,0.035756869265547574
even,0.03371416639659675,bad,0.03517852248953863
lose,0.03371416639659675,hand,0.0339690258022702
trouble,0.03371416639659675,girl,0.0339690258022702
dangerously,0.03280436620571734,really,0.0339690258022702
dress,0.03280436620571734,life,0.0339690258022702
hang,0.03280436620571734,help,0.0339690258022702
heart,0.031120768981473923,gon,0.0339690258022702
hate,0.031120768981473923,feeling,0.0339690258022702
would,0.031120768981473923,falling,0.03266577088314301
look,0.031120768981473923,waitin,0.03266577088314301
always,0.031120768981473923,summer,0.03266577088314301
dawn,0.029159436627304303,lift,0.03266577088314301
huh,0.029159436627304303,bit,0.03266577088314301
judge,0.029159436627304303,morning,0.03266577088314301
shady,0.029159436627304303,nothing,0.03218118233899282
attention,0.029159436627304303,somebody,0.03218118233899282
either,0.029159436627304303,sometimes,0.03218118233899282
save,0.029159436627304303,word,0.03218118233899282
find,0.028527371566351094,kiss,0.03039333887571544
long,0.028527371566351094,thought,0.03039333887571544
need,0.028527371566351094,long,0.03039333887571544
room,0.028527371566351094,going,0.03039333887571544
believe,0.028527371566351094,hurt,0.03039333887571544
ha,0.028527371566351094,particular,0.030153019276747395
think,0.025933974151228268,attached,0.030153019276747395
fall,0.025933974151228268,ey,0.030153019276747395
party,0.025933974151228268,try,0.02860549541243806
wait,0.025933974151228268,stop,0.02860549541243806
crazy,0.025933974151228268,close,0.02860549541243806
cry,0.025933974151228268,ready,0.02860549541243806
see,0.025933974151228268,treat,0.02860549541243806
empty,0.025933974151228268,enough,0.02860549541243806
doe,0.025933974151228268,come,0.02860549541243806
hand,0.025933974151228268,always,0.02860549541243806
looking,0.025933974151228268,understand,0.02860549541243806
young,0.02551450704889127,big,0.027640267670351777
gettin,0.02551450704889127,excited,0.027640267670351777
different,0.023340576736105442,hate,0.026817651949160682
walk,0.023340576736105442,move,0.026817651949160682
body,0.023340576736105442,place,0.026817651949160682
used,0.023340576736105442,walk,0.026817651949160682
noticed,0.023340576736105442,wake,0.026817651949160682
game,0.023340576736105442,wait,0.026817651949160682
trust,0.023340576736105442,might,0.026817651949160682
better,0.023340576736105442,remember,0.026817651949160682
enough,0.023340576736105442,blood,0.025127516063956162
wearing,0.021869577470478227,underneath,0.025127516063956162
believed,0.021869577470478227,guess,0.025029808485883303
instagram,0.021869577470478227,light,0.025029808485883303
almost,0.021869577470478227,care,0.025029808485883303
step,0.021869577470478227,mine,0.025029808485883303
dare,0.021869577470478227,forget,0.025029808485883303
mon,0.021869577470478227,put,0.025029808485883303
model,0.021869577470478227,sorry,0.025029808485883303
lately,0.020747179320982616,stay,0.023241965022605924
play,0.020747179320982616,holding,0.023241965022605924
eye,0.020747179320982616,alright,0.023241965022605924
wrong,0.020747179320982616,start,0.023241965022605924
little,0.020747179320982616,name,0.023241965022605924
crime,0.020747179320982616,without,0.023241965022605924
still,0.020747179320982616,thinking,0.023241965022605924
much,0.020747179320982616,skin,0.022614764457560544
lie,0.020747179320982616,needing,0.022614764457560544
around,0.020747179320982616,happening,0.022614764457560544
dry,0.01822464789206519,soul,0.022614764457560544
90,0.01822464789206519,tearing,0.022614764457560544
gave,0.01822464789206519,stitch,0.022614764457560544
shame,0.01822464789206519,give,0.021454121559328545
reeling,0.01822464789206519,coming,0.021454121559328545
thousand,0.01822464789206519,eye,0.021454121559328545
throw,0.01822464789206519,beautiful,0.021454121559328545
superman,0.01822464789206519,apart,0.021454121559328545
beside,0.01822464789206519,someone,0.021454121559328545
start,0.018153781905859787,change,0.021454121559328545
phone,0.018153781905859787,making,0.021454121559328545
friend,0.018153781905859787,nobody,0.021454121559328545
care,0.018153781905859787,made,0.021454121559328545
gone,0.018153781905859787,face,0.021454121559328545
close,0.018153781905859787,still,0.021454121559328545
tryna,0.018153781905859787,stand,0.02010201285116493
turn,0.018153781905859787,reputation,0.02010201285116493
nobody,0.018153781905859787,people,0.02010201285116493
known,0.018153781905859787,anytime,0.02010201285116493
back,0.018153781905859787,pain,0.02010201285116493
try,0.018153781905859787,inch,0.02010201285116493
song,0.018153781905859787,taste,0.02010201285116493
along,0.018153781905859787,nothin,0.02010201285116493
keep,0.018153781905859787,home,0.019666278096051166
alone,0.018153781905859787,talk,0.019666278096051166
thinking,0.018153781905859787,free,0.019666278096051166
runnin,0.015560384490736962,queen,0.019666278096051166
afraid,0.015560384490736962,thing,0.019666278096051166
lover,0.015560384490736962,first,0.019666278096051166
promise,0.015560384490736962,left,0.019666278096051166
man,0.015560384490736962,saying,0.019666278096051166
moment,0.015560384490736962,fall,0.019666278096051166
missing,0.015560384490736962,breathe,0.019666278096051166
new,0.015560384490736962,babe,0.019666278096051166
tonight,0.015560384490736962,afraid,0.017878434632773787
already,0.015560384490736962,gone,0.017878434632773787
home,0.015560384490736962,moment,0.017878434632773787
regret,0.015560384490736962,fool,0.017878434632773787
thought,0.015560384490736962,inside,0.017878434632773787
else,0.015560384490736962,everything,0.017878434632773787
everything,0.015560384490736962,head,0.017878434632773787
someone,0.015560384490736962,today,0.017878434632773787
hey,0.015560384490736962,three,0.017878434632773787
kind,0.015560384490736962,ugly,0.017589261244769314
show,0.015560384490736962,needle,0.017589261244769314
mmm,0.014579718313652151,patience,0.017589261244769314
lord,0.014579718313652151,ruin,0.017589261244769314
apology,0.014579718313652151,plan,0.017589261244769314
yesterday,0.014579718313652151,happiness,0.017589261244769314
television,0.014579718313652151,thread,0.017589261244769314
karma,0.014579718313652151,side,0.01609059116949641
encore,0.014579718313652151,day,0.01609059116949641
creepin,0.014579718313652151,find,0.01609059116949641
chance,0.014579718313652151,anymore,0.01609059116949641
harder,0.014579718313652151,wall,0.01609059116949641
tight,0.014579718313652151,good,0.01609059116949641
subtle,0.014579718313652151,strong,0.01609059116949641
healing,0.014579718313652151,running,0.01609059116949641
bottle,0.014579718313652151,knew,0.01609059116949641
biggest,0.014579718313652151,shawn,0.015076509638373698
insane,0.014579718313652151,shaking,0.015076509638373698
brain,0.014579718313652151,cross,0.015076509638373698
overdosed,0.014579718313652151,kill,0.015076509638373698
actin,0.014579718313652151,self,0.015076509638373698
question,0.012966987075614134,erase,0.015076509638373698
holding,0.012966987075614134,twice,0.015076509638373698
head,0.012966987075614134,bring,0.015076509638373698
work,0.012966987075614134,broken,0.015076509638373698
everyone,0.012966987075614134,late,0.015076509638373698
told,0.012966987075614134,number,0.015076509638373698
life,0.012966987075614134,year,0.015076509638373698
tomorrow,0.012966987075614134,conscious,0.015076509638373698
word,0.012966987075614134,slow,0.01430274770621903
really,0.012966987075614134,hear,0.01430274770621903
trying,0.012966987075614134,easy,0.01430274770621903
door,0.012966987075614134,empty,0.01430274770621903
giving,0.012966987075614134,forever,0.01430274770621903
feelin,0.012966987075614134,ask,0.01430274770621903
making,0.012966987075614134,turn,0.01430274770621903
god,0.012966987075614134,phone,0.01430274770621903
ya,0.012966987075614134,lately,0.01430274770621903
loving,0.012966987075614134,told,0.01430274770621903
supposed,0.012966987075614134,losing,0.01430274770621903
open,0.012966987075614134,party,0.01430274770621903
good,0.012966987075614134,meet,0.012563758031978081
listen,0.012966987075614134,telling,0.012563758031978081
break,0.012966987075614134,fix,0.012563758031978081
screaming,0.010934788735239113,worse,0.012563758031978081
problem,0.010934788735239113,hotel,0.012563758031978081
posted,0.010934788735239113,best,0.012563758031978081
weather,0.010934788735239113,aftertaste,0.012563758031978081
perfume,0.010934788735239113,worried,0.012563758031978081
blow,0.010934788735239113,happier,0.012563758031978081
ruined,0.010934788735239113,flame,0.012563758031978081
ashamed,0.010934788735239113,imagination,0.012563758031978081
full,0.010934788735239113,control,0.012563758031978081
coast,0.010934788735239113,memory,0.012563758031978081
bother,0.010934788735239113,shoulder,0.012563758031978081
liar,0.010934788735239113,stressed,0.012563758031978081
heather,0.010934788735239113,waste,0.012514904242941651
mount,0.010934788735239113,fight,0.012514904242941651
sucker,0.010934788735239113,hey,0.012514904242941651
born,0.010934788735239113,along,0.012514904242941651
hearted,0.010934788735239113,found,0.012514904242941651
emotion,0.010934788735239113,bone,0.012514904242941651
east,0.010934788735239113,old,0.012514904242941651
kilimanjaro,0.010934788735239113,obsessed,0.012514904242941651
changed,0.010934788735239113,many,0.012514904242941651
waiting,0.010934788735239113,felt,0.012514904242941651
road,0.010934788735239113,friend,0.010727060779664272
nicky,0.010934788735239113,else,0.010727060779664272
famous,0.010934788735239113,show,0.010727060779664272
explosion,0.010934788735239113,watch,0.010727060779664272
top,0.010934788735239113,hell,0.010727060779664272
callin,0.010934788735239113,truth,0.010727060779664272
whoa,0.010934788735239113,used,0.010727060779664272
speed,0.010934788735239113,tryna,0.010727060779664272
nicole,0.010934788735239113,two,0.010727060779664272
tiffany,0.010934788735239113,giving,0.010727060779664272
facing,0.010934788735239113,couple,0.010727060779664272
terrified,0.010934788735239113,craving,0.010727060779664272
throttle,0.010934788735239113,cool,0.010727060779664272
view,0.010934788735239113,different,0.010727060779664272
first,0.010373589660491308,die,0.010727060779664272
bout,0.010373589660491308,slipping,0.010051006425582465
half,0.010373589660491308,gladly,0.010051006425582465
though,0.010373589660491308,shot,0.010051006425582465
fire,0.010373589660491308,came,0.010051006425582465
saw,0.010373589660491308,everyday,0.010051006425582465
mercy,0.010373589660491308,praying,0.010051006425582465
might,0.010373589660491308,getting,0.010051006425582465
end,0.010373589660491308,dead,0.010051006425582465
met,0.010373589660491308,rose,0.010051006425582465
goodbye,0.010373589660491308,prepared,0.010051006425582465
pull,0.010373589660491308,shoe,0.010051006425582465
made,0.010373589660491308,gentleman,0.010051006425582465
face,0.010373589660491308,caving,0.010051006425582465
ever,0.010373589660491308,mouth,0.010051006425582465
mine,0.010373589660491308,pushed,0.010051006425582465
found,0.010373589660491308,meant,0.010051006425582465
matter,0.010373589660491308,ruler,0.010051006425582465
caught,0.010373589660491308,dad,0.010051006425582465
hell,0.010373589660491308,puppet,0.010051006425582465
coming,0.010373589660491308,mutual,0.010051006425582465
babe,0.010373589660491308,intention,0.010051006425582465
sure,0.010373589660491308,ripping,0.010051006425582465
ready,0.010373589660491308,sacrifice,0.010051006425582465
single,0.010373589660491308,dream,0.010051006425582465
die,0.010373589660491308,harm,0.010051006425582465
hurt,0.010373589660491308,replace,0.010051006425582465
part,0.010373589660491308,til,0.010051006425582465
name,0.010373589660491308,fine,0.010051006425582465
knee,0.010373589660491308,realize,0.010051006425582465
le,0.010373589660491308,clear,0.010051006425582465
perfect,0.010373589660491308,willing,0.010051006425582465
woah,0.010373589660491308,suffocating,0.010051006425582465
moving,0.010373589660491308,lady,0.010051006425582465
without,0.010373589660491308,spare,0.010051006425582465
dying,0.010373589660491308,conversation,0.010051006425582465
cold,0.010373589660491308,ahead,0.010051006425582465
playing,0.010373589660491308,consuming,0.010051006425582465
tried,0.010373589660491308,confessing,0.010051006425582465
move,0.010373589660491308,stringing,0.010051006425582465
reason,0.010373589660491308,country,0.010051006425582465
place,0.010373589660491308,sound,0.010051006425582465
closer,0.010373589660491308,fog,0.010051006425582465
climb,0.010373589660491308,permanent,0.010051006425582465
crash,0.007780192245368481,believe,0.008939217316386893
guess,0.007780192245368481,new,0.008939217316386893
soon,0.007780192245368481,nervous,0.008939217316386893
lip,0.007780192245368481,met,0.008939217316386893
whole,0.007780192245368481,far,0.008939217316386893
okay,0.007780192245368481,fire,0.008939217316386893
couple,0.007780192245368481,mistake,0.008939217316386893
uh,0.007780192245368481,together,0.008939217316386893
given,0.007780192245368481,bout,0.008939217316386893
onto,0.007780192245368481,matter,0.008939217316386893
waste,0.007780192245368481,pretend,0.008939217316386893
wake,0.007780192245368481,hundred,0.008939217316386893
fool,0.007780192245368481,doe,0.008939217316386893
air,0.007780192245368481,door,0.008939217316386893
black,0.007780192245368481,le,0.008939217316386893
breathe,0.007780192245368481,driving,0.008939217316386893
drunk,0.007780192245368481,dying,0.008939217316386893
light,0.007780192245368481,wasting,0.008939217316386893
took,0.007780192245368481,needed,0.008939217316386893
expect,0.007780192245368481,listen,0.008939217316386893
deserve,0.007780192245368481,looking,0.008939217316386893
hold,0.007780192245368481,seen,0.008939217316386893
truth,0.007780192245368481,open,0.008939217316386893
pride,0.007780192245368481,room,0.008939217316386893
stay,0.007780192245368481,lover,0.008939217316386893
darling,0.007780192245368481,true,0.008939217316386893
everybody,0.007780192245368481,motion,0.007538254819186849
faster,0.007289859156826076,net,0.007538254819186849
dirt,0.007289859156826076,japan,0.007538254819186849
rush,0.007289859156826076,ordinary,0.007538254819186849
parted,0.007289859156826076,scary,0.007538254819186849
lovin,0.007289859156826076,aching,0.007538254819186849
rumor,0.007289859156826076,instead,0.007538254819186849
spell,0.007289859156826076,inhibition,0.007538254819186849
smoking,0.007289859156826076,probably,0.007538254819186849
front,0.007289859156826076,pretty,0.007538254819186849
mmh,0.007289859156826076,quite,0.007538254819186849
completely,0.007289859156826076,laugh,0.007538254819186849
brokenhearted,0.007289859156826076,piece,0.007538254819186849
pile,0.007289859156826076,reciprocate,0.007538254819186849
seriously,0.007289859156826076,hi,0.007538254819186849
choking,0.007289859156826076,heavy,0.007538254819186849
beg,0.007289859156826076,rest,0.007538254819186849
remains,0.007289859156826076,lied,0.007538254819186849
kept,0.007289859156826076,pas,0.007538254819186849
least,0.007289859156826076,pulling,0.007538254819186849
express,0.007289859156826076,manipulate,0.007538254819186849
follower,0.007289859156826076,men,0.007538254819186849
leg,0.007289859156826076,safety,0.007538254819186849
popular,0.007289859156826076,grabbing,0.007538254819186849
awoken,0.007289859156826076,mess,0.007538254819186849
wondered,0.007289859156826076,middle,0.007538254819186849
somewhere,0.007289859156826076,nice,0.007538254819186849
surface,0.007289859156826076,fly,0.007538254819186849
tied,0.007289859156826076,lot,0.007538254819186849
lock,0.007289859156826076,deserves,0.007538254819186849
million,0.007289859156826076,brings,0.007538254819186849
rhythm,0.007289859156826076,bear,0.007538254819186849
blue,0.007289859156826076,wasted,0.007538254819186849
share,0.007289859156826076,belong,0.007538254819186849
opened,0.007289859156826076,bleed,0.007538254819186849
riding,0.007289859156826076,appear,0.007538254819186849
notice,0.007289859156826076,staring,0.007538254819186849
blame,0.007289859156826076,started,0.007538254819186849
hide,0.005186794830245654,stuck,0.007538254819186849
seen,0.005186794830245654,decision,0.007538254819186849
swear,0.005186794830245654,bringing,0.007538254819186849
inside,0.005186794830245654,turning,0.007538254819186849
insecure,0.005186794830245654,win,0.007538254819186849
guy,0.005186794830245654,crowned,0.007538254819186849
act,0.005186794830245654,anything,0.007538254819186849
line,0.005186794830245654,talking,0.007538254819186849
hit,0.005186794830245654,tear,0.007538254819186849
hope,0.005186794830245654,consequence,0.007538254819186849
story,0.005186794830245654,calling,0.007538254819186849
ground,0.005186794830245654,tightrope,0.007538254819186849
admit,0.005186794830245654,tired,0.007538254819186849
staying,0.005186794830245654,tripping,0.007538254819186849
kiss,0.005186794830245654,chase,0.007538254819186849
sun,0.005186794830245654,finally,0.007538254819186849
lonely,0.005186794830245654,trapped,0.007538254819186849
put,0.005186794830245654,since,0.007538254819186849
ten,0.005186794830245654,wind,0.007538254819186849
high,0.005186794830245654,asleep,0.007538254819186849
far,0.005186794830245654,play,0.007151373853109515
longer,0.005186794830245654,ten,0.007151373853109515
together,0.005186794830245654,crime,0.007151373853109515
arm,0.005186794830245654,hit,0.007151373853109515
well,0.005186794830245654,soon,0.007151373853109515
easy,0.005186794830245654,half,0.007151373853109515
something,0.005186794830245654,world,0.007151373853109515
driving,0.005186794830245654,set,0.007151373853109515
drive,0.005186794830245654,trust,0.007151373853109515
asking,0.005186794830245654,pick,0.007151373853109515
smile,0.005186794830245654,end,0.007151373853109515
needed,0.005186794830245654,foot,0.007151373853109515
describe,0.005186794830245654,loving,0.007151373853109515
dance,0.005186794830245654,picture,0.007151373853109515
sleep,0.005186794830245654,hide,0.007151373853109515
wondering,0.005186794830245654,call,0.007151373853109515
obsessed,0.005186794830245654,lung,0.007151373853109515
old,0.005186794830245654,warning,0.007151373853109515
red,0.005186794830245654,woah,0.007151373853109515
convince,0.005186794830245654,knee,0.007151373853109515
second,0.005186794830245654,changing,0.007151373853109515
sign,0.005186794830245654,uh,0.007151373853109515
walking,0.005186794830245654,god,0.007151373853109515
clothes,0.005186794830245654,whatever,0.007151373853109515
warning,0.005186794830245654,deserve,0.007151373853109515
changing,0.005186794830245654,pull,0.007151373853109515
minute,0.005186794830245654,arm,0.007151373853109515
remember,0.005186794830245654,single,0.007151373853109515
fight,0.005186794830245654,took,0.007151373853109515
feeling,0.005186794830245654,smile,0.007151373853109515
till,0.005186794830245654,hope,0.007151373853109515
saying,0.005186794830245654,ya,0.005363530389832136
scared,0.005186794830245654,quit,0.005363530389832136
mean,0.005186794830245654,drive,0.005363530389832136
anxious,0.005186794830245654,lying,0.005363530389832136
lost,0.005186794830245654,pushing,0.005363530389832136
sorry,0.005186794830245654,kind,0.005363530389832136
felt,0.005186794830245654,man,0.005363530389832136
many,0.005186794830245654,sure,0.005363530389832136
wish,0.005186794830245654,dance,0.005363530389832136
posse,0.003644929578413038,swear,0.005363530389832136
karaoke,0.003644929578413038,involved,0.005363530389832136
paris,0.003644929578413038,regret,0.005363530389832136
section,0.003644929578413038,star,0.005363530389832136
posing,0.003644929578413038,story,0.005363530389832136
sipping,0.003644929578413038,cry,0.005363530389832136
pointless,0.003644929578413038,damn,0.005363530389832136
stressing,0.003644929578413038,black,0.005363530389832136
pouring,0.003644929578413038,onto,0.005363530389832136
size,0.003644929578413038,closer,0.005363530389832136
luck,0.003644929578413038,bed,0.005363530389832136
magic,0.003644929578413038,song,0.005363530389832136
ski,0.003644929578413038,tried,0.005363530389832136
reaching,0.003644929578413038,wish,0.005363530389832136
rather,0.003644929578413038,cold,0.005363530389832136
knock,0.003644929578413038,asking,0.005363530389832136
pay,0.003644929578413038,lip,0.005363530389832136
planned,0.003644929578413038,fell,0.005363530389832136
key,0.003644929578413038,okay,0.005363530389832136
permission,0.003644929578413038,caught,0.005363530389832136
king,0.003644929578413038,lose,0.005363530389832136
nyc,0.003644929578413038,mile,0.005363530389832136
recklessness,0.003644929578413038,lie,0.005363530389832136
stray,0.003644929578413038,paradise,0.005025503212791232
stopping,0.003644929578413038,sight,0.005025503212791232
serve,0.003644929578413038,live,0.005025503212791232
spine,0.003644929578413038,living,0.005025503212791232
photograph,0.003644929578413038,touched,0.005025503212791232
looked,0.003644929578413038,punched,0.005025503212791232
shy,0.003644929578413038,sheet,0.005025503212791232
plane,0.003644929578413038,dark,0.005025503212791232
limelight,0.003644929578413038,nah,0.005025503212791232
masterpiece,0.003644929578413038,darkness,0.005025503212791232
nowhere,0.003644929578413038,cut,0.005025503212791232
leaving,0.003644929578413038,knife,0.005025503212791232
money,0.003644929578413038,chest,0.005025503212791232
prove,0.003644929578413038,wrapped,0.005025503212791232
provoking,0.003644929578413038,breath,0.005025503212791232
repost,0.003644929578413038,lure,0.005025503212791232
messin,0.003644929578413038,crawling,0.005025503212791232
molly,0.003644929578413038,kinda,0.005025503212791232
rough,0.003644929578413038,laying,0.005025503212791232
modeling,0.003644929578413038,complicate,0.005025503212791232
limousine,0.003644929578413038,focus,0.005025503212791232
sell,0.003644929578413038,curse,0.005025503212791232
respect,0.003644929578413038,astrid,0.005025503212791232
sexy,0.003644929578413038,burnt,0.005025503212791232
lifeline,0.003644929578413038,forgive,0.005025503212791232
scream,0.003644929578413038,brush,0.005025503212791232
quick,0.003644929578413038,alive,0.005025503212791232
rate,0.003644929578413038,shining,0.005025503212791232
mother,0.003644929578413038,seems,0.005025503212791232
price,0.003644929578413038,shine,0.005025503212791232
leather,0.003644929578413038,argue,0.005025503212791232
mask,0.003644929578413038,medicine,0.005025503212791232
lighted,0.003644929578413038,disappointment,0.005025503212791232
lived,0.003644929578413038,hole,0.005025503212791232
reject,0.003644929578413038,naked,0.005025503212791232
nigga,0.003644929578413038,eternity,0.005025503212791232
neither,0.003644929578413038,slowly,0.005025503212791232
lawn,0.003644929578413038,specific,0.005025503212791232
promised,0.003644929578413038,hmm,0.005025503212791232
promoting,0.003644929578413038,use,0.005025503212791232
proud,0.003644929578413038,familiar,0.005025503212791232
relationship,0.003644929578413038,sad,0.005025503212791232
list,0.003644929578413038,dreaming,0.005025503212791232
separate,0.003644929578413038,sneak,0.005025503212791232
lead,0.003644929578413038,seam,0.005025503212791232
mountain,0.003644929578413038,drownin,0.005025503212791232
kama,0.003644929578413038,mhm,0.005025503212791232
23,0.003644929578413038,searching,0.005025503212791232
stride,0.003644929578413038,happy,0.005025503212791232
family,0.003644929578413038,sleeping,0.005025503212791232
fading,0.003644929578413038,seeing,0.005025503212791232
explain,0.003644929578413038,near,0.005025503212791232
excuse,0.003644929578413038,typical,0.005025503212791232
tough,0.003644929578413038,deep,0.005025503212791232
tower,0.003644929578413038,race,0.005025503212791232
electrified,0.003644929578413038,slam,0.005025503212791232
traveling,0.003644929578413038,space,0.005025503212791232
blinded,0.003644929578413038,stumbled,0.005025503212791232
dog,0.003644929578413038,raise,0.005025503212791232
dm,0.003644929578413038,house,0.005025503212791232
dipping,0.003644929578413038,across,0.005025503212791232
differently,0.003644929578413038,hour,0.005025503212791232
bought,0.003644929578413038,sinking,0.005025503212791232
diamond,0.003644929578413038,sky,0.005025503212791232
detonator,0.003644929578413038,hoping,0.005025503212791232
faith,0.003644929578413038,guessing,0.005025503212791232
father,0.003644929578413038,compared,0.0035756869265547576
boyfriend,0.003644929578413038,everybody,0.0035756869265547576
figured,0.003644929578413038,everyone,0.0035756869265547576
forgiveness,0.003644929578413038,minute,0.0035756869265547576
forgetting,0.003644929578413038,hanging,0.0035756869265547576
foolish,0.003644929578413038,sun,0.0035756869265547576
followed,0.003644929578413038,till,0.0035756869265547576
thrill,0.003644929578413038,growing,0.0035756869265547576
throne,0.003644929578413038,ground,0.0035756869265547576
throwin,0.003644929578413038,tomorrow,0.0035756869265547576
throwing,0.003644929578413038,touch,0.0035756869265547576
wishlist,0.003644929578413038,another,0.0035756869265547576
bet,0.003644929578413038,whole,0.0035756869265547576
ticket,0.003644929578413038,longer,0.0035756869265547576
flash,0.003644929578413038,train,0.0035756869265547576
bigger,0.003644929578413038,part,0.0035756869265547576
birthday,0.003644929578413038,wondering,0.0035756869265547576
winning,0.003644929578413038,wonder,0.0035756869265547576
boulevard,0.003644929578413038,second,0.0035756869265547576
detonate,0.003644929578413038,supposed,0.0035756869265547576
fuck,0.003644929578413038,noticed,0.0035756869265547576
considered,0.003644929578413038,honestly,0.0035756869265547576
confront,0.003644929578413038,pride,0.0035756869265547576
complied,0.003644929578413038,secret,0.0035756869265547576
complicated,0.003644929578413038,reason,0.0035756869265547576
competition,0.003644929578413038,act,0.0035756869265547576
car,0.003644929578413038,standing,0.0035756869265547576
climbing,0.003644929578413038,body,0.0035756869265547576
class,0.003644929578413038,drink,0.0035756869265547576
wander,0.003644929578413038,power,0.0035756869265547576
city,0.003644929578413038,work,0.0035756869265547576
christ,0.003644929578413038,known,0.0035756869265547576
war,0.003644929578413038,heard,0.0035756869265547576
checking,0.003644929578413038,shake,0.0035756869265547576
cash,0.003644929578413038,question,0.0035756869265547576
cheated,0.003644929578413038,upon,0.002512751606395616
champagne,0.003644929578413038,yell,0.002512751606395616
waist,0.003644929578413038,walked,0.002512751606395616
water,0.003644929578413038,woke,0.002512751606395616
deleted,0.003644929578413038,nowadays,0.002512751606395616
bye,0.003644929578413038,twelve,0.002512751606395616
jet,0.003644929578413038,outside,0.002512751606395616
darkest,0.003644929578413038,note,0.002512751606395616
daily,0.003644929578413038,waking,0.002512751606395616
uncomfortable,0.003644929578413038,waited,0.002512751606395616
buck,0.003644929578413038,opposite,0.002512751606395616
cruel,0.003644929578413038,week,0.002512751606395616
burn,0.003644929578413038,vibe,0.002512751606395616
wear,0.003644929578413038,wave,0.002512751606395616
unraveling,0.003644929578413038,write,0.002512751606395616
weak,0.003644929578413038,ocean,0.002512751606395616
upstairs,0.003644929578413038,troubled,0.002512751606395616
buy,0.003644929578413038,nose,0.002512751606395616
coping,0.003644929578413038,negative,0.002512751606395616
cop,0.003644929578413038,truce,0.002512751606395616
voice,0.003644929578413038,pretending,0.002512751606395616
battery,0.003644929578413038,outta,0.002512751606395616
fake,0.003644929578413038,resist,0.002512751606395616
heat,0.003644929578413038,rope,0.002512751606395616
thank,0.003644929578413038,sow,0.002512751606395616
happened,0.003644929578413038,ring,0.002512751606395616
tempting,0.003644929578413038,speak,0.002512751606395616
temporary,0.003644929578413038,spend,0.002512751606395616
apologize,0.003644929578413038,spending,0.002512751606395616
anywhere,0.003644929578413038,spent,0.002512751606395616
highlight,0.003644929578413038,spinning,0.002512751606395616
hitting,0.003644929578413038,town,0.002512751606395616
wrapping,0.003644929578413038,spoken,0.002512751606395616
ho,0.003644929578413038,stained,0.002512751606395616
holdin,0.003644929578413038,remind,0.002512751606395616
sutra,0.003644929578413038,stake,0.002512751606395616
written,0.003644929578413038,standard,0.002512751606395616
answered,0.003644929578413038,regretted,0.002512751606395616
hosting,0.003644929578413038,reel,0.002512751606395616
hurting,0.003644929578413038,sore,0.002512751606395616
afternoon,0.003644929578413038,somehow,0.002512751606395616
ignored,0.003644929578413038,someday,0.002512751606395616
immature,0.003644929578413038,softly,0.002512751606395616
adding,0.003644929578413038,window,0.002512751606395616
stud,0.003644929578413038,shut,0.002512751606395616
stroll,0.003644929578413038,settle,0.002512751606395616
accusation,0.003644929578413038,sense,0.002512751606395616
acapella,0.003644929578413038,simple,0.002512751606395616
worry,0.003644929578413038,worked,0.002512751606395616
casino,0.003644929578413038,simply,0.002512751606395616
gasoline,0.003644929578413038,sincere,0.002512751606395616
green,0.003644929578413038,scrolling,0.002512751606395616
fun,0.003644929578413038,singin,0.002512751606395616
gray,0.003644929578413038,six,0.002512751606395616
glad,0.003644929578413038,muse,0.002512751606395616
ay,0.003644929578413038,small,0.002512751606395616
bank,0.003644929578413038,smell,0.002512751606395616
greyhound,0.003644929578413038,safe,0.002512751606395616
theirselves,0.003644929578413038,recognize,0.002512751606395616
fucking,0.003644929578413038,reassure,0.002512751606395616
funny,0.003644929578413038,reap,0.002512751606395616
set,0.002593397415122827,poison,0.002512751606395616
damn,0.002593397415122827,tension,0.002512751606395616
standing,0.002593397415122827,testified,0.002512751606395616
star,0.002593397415122827,testify,0.002512751606395616
behind,0.002593397415122827,thinkin,0.002512751606395616
brother,0.002593397415122827,pickin,0.002512751606395616
anyway,0.002593397415122827,person,0.002512751606395616
power,0.002593397415122827,threw,0.002512751606395616
deny,0.002593397415122827,thunder,0.002512751606395616
bright,0.002593397415122827,tie,0.002512751606395616
forward,0.002593397415122827,timeline,0.002512751606395616
taking,0.002593397415122827,past,0.002512751606395616
nervous,0.002593397415122827,paint,0.002512751606395616
two,0.002593397415122827,worth,0.002512751606395616
whatever,0.002593397415122827,pack,0.002512751606395616
lying,0.002593397415122827,overwhelmed,0.002512751606395616
next,0.002593397415122827,playin,0.002512751606395616
compared,0.002593397415122827,possibly,0.002512751606395616
slip,0.002593397415122827,stomp,0.002512751606395616
wonder,0.002593397415122827,pray,0.002512751606395616
secret,0.002593397415122827,stress,0.002512751606395616
sister,0.002593397415122827,rainbow,0.002512751606395616
sing,0.002593397415122827,quickly,0.002512751606395616
watch,0.002593397415122827,questioning,0.002512751606395616
bed,0.002593397415122827,sunday,0.002512751606395616
kissed,0.002593397415122827,sunrise,0.002512751606395616
parent,0.002593397415122827,push,0.002512751606395616
singing,0.002593397415122827,surfacing,0.002512751606395616
stop,0.002593397415122827,pulled,0.002512751606395616
ah,0.002593397415122827,surprised,0.002512751606395616
cool,0.002593397415122827,propose,0.002512751606395616
situation,0.002593397415122827,prison,0.002512751606395616
understand,0.002593397415122827,worst,0.002512751606395616
forget,0.002593397415122827,pressure,0.002512751606395616
hundred,0.002593397415122827,sweet,0.002512751606395616
shake,0.002593397415122827,winter,0.002512751606395616
usually,0.002593397415122827,zone,0.002512751606395616
alright,0.002593397415122827,connected,0.002512751606395616
forever,0.002593397415122827,follow,0.002512751606395616
craving,0.002593397415122827,higher,0.002512751606395616
foot,0.002593397415122827,hair,0.002512751606395616
lung,0.002593397415122827,defense,0.002512751606395616
help,0.002593397415122827,deeper,0.002512751606395616
three,0.002593397415122827,knowing,0.002512751606395616
mistake,0.002593397415122827,decide,0.002512751606395616
wasting,0.002593397415122827,dear,0.002512751606395616
yet,0.002593397415122827,daybreak,0.002512751606395616
ask,0.002593397415122827,laughin,0.002512751606395616
touch,0.002593397415122827,crowd,0.002512751606395616
street,0.002593397415122827,flying,0.002512751606395616
fair,0.002593397415122827,lay,0.002512751606395616
mile,0.002593397415122827,lean,0.002512751606395616
hanging,0.002593397415122827,floor,0.002512751606395616
midnight,0.002593397415122827,learning,0.002512751606395616
sometimes,0.002593397415122827,cozy,0.002512751606395616
fault,0.002593397415122827,couch,0.002512751606395616
exactly,0.002593397415122827,cost,0.002512751606395616
today,0.002593397415122827,corner,0.002512751606395616
fell,0.002593397415122827,cooler,0.002512751606395616
rain,0.002593397415122827,hesitation,0.002512751606395616
strong,0.002593397415122827,hurricane,0.002512751606395616
running,0.002593397415122827,confession,0.002512751606395616
involved,0.002593397415122827,letting,0.002512751606395616
free,0.002593397415122827,conceited,0.002512751606395616
grown,0.002593397415122827,complete,0.002512751606395616
growing,0.002593397415122827,devastation,0.002512751606395616
apart,0.002593397415122827,dirty,0.002512751606395616
pretend,0.002593397415122827,club,0.002512751606395616
drink,0.002593397415122827,easier,0.002512751606395616
must,0.002593397415122827,instrumental,0.002512751606395616
queen,0.002593397415122827,interested,0.002512751606395616
pushing,0.002593397415122827,intertwined,0.002512751606395616
wild,0.002593397415122827,fan,0.002512751606395616
hear,0.002593397415122827,finger,0.002512751606395616
side,0.002593397415122827,fact,0.002512751606395616
carry,0.002593397415122827,expecting,0.002512751606395616
picture,0.002593397415122827,joke,0.002512751606395616
true,0.002593397415122827,hopin,0.002512751606395616
heard,0.002593397415122827,hopeless,0.002512751606395616
bone,0.002593397415122827,everywhere,0.002512751606395616
drop,0.002593397415122827,fit,0.002512751606395616
pick,0.002593397415122827,kanye,0.002512751606395616
dumb,0.002593397415122827,flipped,0.002512751606395616
quit,0.002593397415122827,ease,0.002512751606395616
train,0.002593397415122827,flew,0.002512751606395616
easily,0.002593397415122827,innocent,0.002512751606395616
wall,0.002593397415122827,keeping,0.002512751606395616
track,0.002593397415122827,history,0.002512751606395616
sheet,0.0,dressed,0.002512751606395616
shoe,0.0,kicked,0.002512751606395616
youth,0.0,drawn,0.002512751606395616
searching,0.0,killing,0.002512751606395616
shine,0.0,kils,0.002512751606395616
shining,0.0,flight,0.002512751606395616
safety,0.0,discovering,0.002512751606395616
woke,0.0,comfortable,0.002512751606395616
shawn,0.0,inconsistency,0.002512751606395616
winter,0.0,filled,0.002512751606395616
yell,0.0,apartment,0.002512751606395616
wave,0.0,ignore,0.002512751606395616
worked,0.0,may,0.002512751606395616
window,0.0,medal,0.002512751606395616
wind,0.0,beating,0.002512751606395616
seem,0.0,bathroom,0.002512751606395616
worried,0.0,barely,0.002512751606395616
seems,0.0,gorgeous,0.002512751606395616
scrolling,0.0,headed,0.002512751606395616
worse,0.0,awkward,0.002512751606395616
win,0.0,awake,0.002512751606395616
worst,0.0,askin,0.002512751606395616
self,0.0,asked,0.002512751606395616
seam,0.0,grew,0.002512751606395616
scary,0.0,fill,0.002512751606395616
worth,0.0,anyone,0.002512751606395616
willing,0.0,happens,0.002512751606395616
sense,0.0,anthem,0.002512751606395616
wrapped,0.0,answer,0.002512751606395616
seeing,0.0,idea,0.002512751606395616
weight,0.0,adrenaline,0.002512751606395616
week,0.0,hypnotized,0.002512751606395616
write,0.0,moth,0.002512751606395616
shaking,0.0,adelaide,0.002512751606395616
year,0.0,acting,0.002512751606395616
settle,0.0,figure,0.002512751606395616
turning,0.0,movie,0.002512751606395616
shot,0.0,headline,0.002512751606395616
wasted,0.0,bitter,0.002512751606395616
tension,0.0,lightin,0.002512751606395616
stake,0.0,lookin,0.002512751606395616
stained,0.0,friday,0.002512751606395616
sad,0.0,clap,0.002512751606395616
testified,0.0,chill,0.002512751606395616
testify,0.0,cheer,0.002512751606395616
spoken,0.0,friendship,0.002512751606395616
spinning,0.0,cent,0.002512751606395616
thinkin,0.0,ceiling,0.002512751606395616
thread,0.0,impressed,0.002512751606395616
spent,0.0,gently,0.002512751606395616
spending,0.0,café,0.002512751606395616
spend,0.0,bust,0.002512751606395616
threw,0.0,burning,0.002512751606395616
specific,0.0,getcha,0.002512751606395616
speak,0.0,blind,0.002512751606395616
spare,0.0,25,0.002512751606395616
thunder,0.0,lotto,0.002512751606395616
tie,0.0,loud,0.002512751606395616
tightrope,0.0,breaking,0.002512751606395616
space,0.0,heartbreak,0.002512751606395616
stand,0.0,lower,0.002512751606395616
telling,0.0,breakfast,0.002512751606395616
standard,0.0,lured,0.002512751606395616
sunrise,0.0,mad,0.002512751606395616
string,0.0,favorite,0.002512751606395616
stringing,0.0,block,0.002512751606395616
stressed,0.0,fast,0.002512751606395616
stress,0.0,singing,0.0017878434632773788
stuck,0.0,must,0.0017878434632773788
stumbled,0.0,sing,0.0017878434632773788
suffocating,0.0,sign,0.0017878434632773788
summer,0.0,forward,0.0017878434632773788
sunday,0.0,game,0.0017878434632773788
stomp,0.0,given,0.0017878434632773788
tearing,0.0,scared,0.0017878434632773788
stitch,0.0,goodbye,0.0017878434632773788
surfacing,0.0,saw,0.0017878434632773788
surprised,0.0,grown,0.0017878434632773788
sweet,0.0,runnin,0.0017878434632773788
started,0.0,guy,0.0017878434632773788
staring,0.0,sister,0.0017878434632773788
talking,0.0,deny,0.0017878434632773788
taste,0.0,situation,0.0017878434632773788
tear,0.0,wanted,0.0017878434632773788
til,0.0,carry,0.0017878434632773788
timeline,0.0,trouble,0.0017878434632773788
sow,0.0,brother,0.0017878434632773788
waited,0.0,bright,0.0017878434632773788
skin,0.0,type,0.0017878434632773788
underneath,0.0,usually,0.0017878434632773788
upon,0.0,walking,0.0017878434632773788
use,0.0,behind,0.0017878434632773788
vibe,0.0,climb,0.0017878434632773788
six,0.0,well,0.0017878434632773788
sinking,0.0,wild,0.0017878434632773788
wah,0.0,anyway,0.0017878434632773788
singin,0.0,anxious,0.0017878434632773788
sincere,0.0,already,0.0017878434632773788
ugly,0.0,admit,0.0017878434632773788
since,0.0,yet,0.0017878434632773788
simply,0.0,track,0.0017878434632773788
waitin,0.0,clothes,0.0017878434632773788
simple,0.0,feelin,0.0017878434632773788
waking,0.0,dumb,0.0017878434632773788
sight,0.0,fault,0.0017878434632773788
walked,0.0,sleep,0.0017878434632773788
shut,0.0,moving,0.0017878434632773788
shoulder,0.0,fair,0.0017878434632773788
sky,0.0,expect,0.0017878434632773788
slam,0.0,exactly,0.0017878434632773788
sound,0.0,easily,0.0017878434632773788
troubled,0.0,drunk,0.0017878434632773788
soul,0.0,convince,0.0017878434632773788
sore,0.0,drop,0.0017878434632773788
tired,0.0,done,0.0017878434632773788
touched,0.0,staying,0.0017878434632773788
town,0.0,street,0.0017878434632773788
trapped,0.0,describe,0.0017878434632773788
somehow,0.0,taking,0.0017878434632773788
someday,0.0,crash,0.0017878434632773788
tripping,0.0,ha,0.0017878434632773788
softly,0.0,slip,0.0017878434632773788
sleeping,0.0,missing,0.0017878434632773788
sneak,0.0,lonely,0.0017878434632773788
truce,0.0,perfect,0.0017878434632773788
smell,0.0,rain,0.0017878434632773788
small,0.0,playing,0.0017878434632773788
slowly,0.0,red,0.0017878434632773788
slipping,0.0,miss,0.0017878434632773788
twelve,0.0,high,0.0017878434632773788
twice,0.0,insecure,0.0017878434632773788
typical,0.0,parent,0.0017878434632773788
safe,0.0,loved,0.0017878434632773788
lot,0.0,kissed,0.0017878434632773788
sacrifice,0.0,midnight,0.0017878434632773788
fan,0.0,line,0.0017878434632773788
discovering,0.0,next,0.0017878434632773788
drawn,0.0,champagne,0.0
dream,0.0,tower,0.0
dreaming,0.0,rough,0.0
dressed,0.0,tough,0.0
drownin,0.0,list,0.0
ease,0.0,changed,0.0
easier,0.0,top,0.0
erase,0.0,cheated,0.0
eternity,0.0,checking,0.0
everyday,0.0,paris,0.0
everywhere,0.0,limousine,0.0
excited,0.0,chance,0.0
expecting,0.0,cash,0.0
ey,0.0,traveling,0.0
fact,0.0,casino,0.0
falling,0.0,brain,0.0
disappointment,0.0,luck,0.0
dirty,0.0,lovin,0.0
devastation,0.0,opened,0.0
darkness,0.0,brokenhearted,0.0
cross,0.0,lord,0.0
crowd,0.0,buck,0.0
crowned,0.0,burn,0.0
curse,0.0,looked,0.0
cut,0.0,overdosed,0.0
dad,0.0,buy,0.0
dark,0.0,bye,0.0
daybreak,0.0,callin,0.0
deserves,0.0,car,0.0
dead,0.0,lock,0.0
dear,0.0,lived,0.0
decide,0.0,christ,0.0
decision,0.0,choking,0.0
deep,0.0,class,0.0
deeper,0.0,city,0.0
defense,0.0,parted,0.0
familiar,0.0,completely,0.0
fast,0.0,complicated,0.0
ruler,0.0,complied,0.0
favorite,0.0,pay,0.0
friendship,0.0,confront,0.0
gentleman,0.0,theirselves,0.0
gently,0.0,thank,0.0
getcha,0.0,leg,0.0
getting,0.0,considered,0.0
gladly,0.0,terrified,0.0
gorgeous,0.0,perfume,0.0
grabbing,0.0,leaving,0.0
grew,0.0,tempting,0.0
grow,0.0,temporary,0.0
guessing,0.0,cop,0.0
hair,0.0,coping,0.0
happening,0.0,television,0.0
happens,0.0,thousand,0.0
happier,0.0,patient,0.0
happiness,0.0,competition,0.0
happy,0.0,lifeline,0.0
friday,0.0,uncomfortable,0.0
forgive,0.0,limelight,0.0
follow,0.0,climbing,0.0
fix,0.0,lighted,0.0
figure,0.0,tight,0.0
fill,0.0,tiffany,0.0
filled,0.0,tied,0.0
finally,0.0,ticket,0.0
fine,0.0,liar,0.0
finger,0.0,coast,0.0
fit,0.0,throwing,0.0
flame,0.0,throwin,0.0
fog,0.0,throw,0.0
flew,0.0,throttle,0.0
flight,0.0,throne,0.0
flipped,0.0,thrill,0.0
floor,0.0,boyfriend,0.0
fly,0.0,upstairs,0.0
flying,0.0,boy,0.0
focus,0.0,nigga,0.0
crawling,0.0,model,0.0
cozy,0.0,neither,0.0
country,0.0,mmm,0.0
couch,0.0,mmh,0.0
attached,0.0,wondered,0.0
awake,0.0,anywhere,0.0
awkward,0.0,apologize,0.0
bad,0.0,apology,0.0
barely,0.0,wishlist,0.0
bathroom,0.0,ashamed,0.0
bear,0.0,winning,0.0
beating,0.0,attention,0.0
begging,0.0,million,0.0
belong,0.0,nicky,0.0
best,0.0,nicole,0.0
big,0.0,awoken,0.0
bit,0.0,whoa,0.0
bitter,0.0,answered,0.0
bleed,0.0,modeling,0.0
blind,0.0,worry,0.0
block,0.0,mount,0.0
astrid,0.0,90,0.0
asleep,0.0,young,0.0
askin,0.0,mountain,0.0
alive,0.0,yesterday,0.0
aching,0.0,acapella,0.0
across,0.0,accusation,0.0
acting,0.0,actin,0.0
adelaide,0.0,adding,0.0
adrenaline,0.0,molly,0.0
aftertaste,0.0,written,0.0
ahead,0.0,mother,0.0
answer,0.0,wrapping,0.0
asked,0.0,money,0.0
anthem,0.0,mon,0.0
anyone,0.0,afternoon,0.0
anything,0.0,almost,0.0
anytime,0.0,ay,0.0
apartment,0.0,bank,0.0
appear,0.0,boulevard,0.0
argue,0.0,weather,0.0
blood,0.0,blame,0.0
breakfast,0.0,waiting,0.0
breaking,0.0,nowhere,0.0
connected,0.0,blinded,0.0
club,0.0,magic,0.0
comfortable,0.0,waist,0.0
complete,0.0,blow,0.0
complicate,0.0,blue,0.0
conceited,0.0,voice,0.0
confessing,0.0,view,0.0
confession,0.0,born,0.0
conscious,0.0,nyc,0.0
clap,0.0,bother,0.0
consequence,0.0,bottle,0.0
consuming,0.0,leather,0.0
control,0.0,bought,0.0
conversation,0.0,unraveling,0.0
cooler,0.0,marvin,0.0
corner,0.0,birthday,0.0
cost,0.0,biggest,0.0
clear,0.0,beg,0.0
chill,0.0,wearing,0.0
breath,0.0,wear,0.0
bust,0.0,weak,0.0
bring,0.0,messing,0.0
bringing,0.0,battery,0.0
brings,0.0,water,0.0
broken,0.0,messin,0.0
brush,0.0,masterpiece,0.0
burning,0.0,mask,0.0
burnt,0.0,believed,0.0
café,0.0,beside,0.0
chest,0.0,war,0.0
calling,0.0,notice,0.0
came,0.0,bet,0.0
caving,0.0,wander,0.0
ceiling,0.0,bigger,0.0
cent,0.0,permission,0.0
chase,0.0,lead,0.0
cheer,0.0,least,0.0
hard,0.0,holdin,0.0
harm,0.0,ho,0.0
headed,0.0,hitting,0.0
mouth,0.0,recklessness,0.0
overwhelmed,0.0,highlight,0.0
pack,0.0,shy,0.0
pain,0.0,reeling,0.0
paint,0.0,followed,0.0
paradise,0.0,follower,0.0
particular,0.0,foolish,0.0
pas,0.0,forgetting,0.0
past,0.0,forgiveness,0.0
patience,0.0,reject,0.0
people,0.0,share,0.0
perfectly,0.0,shame,0.0
permanent,0.0,relationship,0.0
person,0.0,remains,0.0
pickin,0.0,shady,0.0
piece,0.0,flash,0.0
plan,0.0,real,0.0
playin,0.0,photograph,0.0
outta,0.0,hosting,0.0
outside,0.0,jet,0.0
ordinary,0.0,instagram,0.0
negative,0.0,faster,0.0
muse,0.0,father,0.0
mutual,0.0,insane,0.0
nah,0.0,immature,0.0
naked,0.0,ignored,0.0
near,0.0,quick,0.0
needing,0.0,ski,0.0
needle,0.0,size,0.0
net,0.0,hurting,0.0
opposite,0.0,huh,0.0
nice,0.0,sipping,0.0
nose,0.0,figured,0.0
note,0.0,rate,0.0
nothin,0.0,rather,0.0
nowadays,0.0,reaching,0.0
number,0.0,sexy,0.0
ocean,0.0,front,0.0
poison,0.0,fuck,0.0
possibly,0.0,serve,0.0
pray,0.0,goin,0.0
replace,0.0,respect,0.0
reap,0.0,rhythm,0.0
reassure,0.0,save,0.0
reciprocate,0.0,riding,0.0
recognize,0.0,gray,0.0
reel,0.0,green,0.0
regretted,0.0,harder,0.0
remind,0.0,greyhound,0.0
reputation,0.0,rush,0.0
raise,0.0,river,0.0
resist,0.0,road,0.0
rest,0.0,run,0.0
ring,0.0,rumor,0.0
ripping,0.0,happened,0.0
rope,0.0,ruined,0.0
rose,0.0,hang,0.0
ruin,0.0,healing,0.0
realize,0.0,glad,0.0
rainbow,0.0,scream,0.0
praying,0.0,heather,0.0
pulled,0.0,seriously,0.0
prepared,0.0,separate,0.0
pressure,0.0,fucking,0.0
pretending,0.0,sell,0.0
pretty,0.0,full,0.0
prison,0.0,fun,0.0
probably,0.0,funny,0.0
propose,0.0,gasoline,0.0
pulling,0.0,screaming,0.0
race,0.0,gave,0.0
punched,0.0,section,0.0
puppet,0.0,gaye,0.0
push,0.0,heat,0.0
pushed,0.0,hearted,0.0
questioning,0.0,gettin,0.0
quickly,0.0,repost,0.0
quite,0.0,famous,0.0
movie,0.0,family,0.0
motion,0.0,fake,0.0
headline,0.0,step,0.0
moth,0.0,knock,0.0
impressed,0.0,stud,0.0
inch,0.0,deleted,0.0
inconsistency,0.0,pointless,0.0
inhibition,0.0,stroll,0.0
innocent,0.0,detonate,0.0
instead,0.0,stride,0.0
instrumental,0.0,stressing,0.0
intention,0.0,detonator,0.0
interested,0.0,popular,0.0
intertwined,0.0,posing,0.0
japan,0.0,stray,0.0
joke,0.0,diamond,0.0
kanye,0.0,stopping,0.0
keeping,0.0,differently,0.0
kicked,0.0,dipping,0.0
kid,0.0,dirt,0.0
kill,0.0,subtle,0.0
imagination,0.0,sucker,0.0
ignore,0.0,suffer,0.0
idea,0.0,daily,0.0
hole,0.0,round,0.0
heartbreak,0.0,pile,0.0
heavy,0.0,creepin,0.0
hesitation,0.0,lawn,0.0
hi,0.0,cruel,0.0
higher,0.0,cup,0.0
history,0.0,sutra,0.0
hmm,0.0,dangerously,0.0
honest,0.0,la,0.0
hypnotized,0.0,surface,0.0
hopeless,0.0,dare,0.0
hopin,0.0,darkest,0.0
hoping,0.0,superman,0.0
hotel,0.0,dawn,0.0
hour,0.0,plane,0.0
house,0.0,planned,0.0
hurricane,0.0,posse,0.0
killing,0.0,king,0.0
kils,0.0,smoking,0.0
kinda,0.0,posted,0.0
medal,0.0,em,0.0
lower,0.0,emotion,0.0
lure,0.0,encore,0.0
lured,0.0,judge,0.0
mad,0.0,promised,0.0
manipulate,0.0,excuse,0.0
may,0.0,promoting,0.0
meant,0.0,proud,0.0
medicine,0.0,somewhere,0.0
lotto,0.0,explain,0.0
meet,0.0,explosion,0.0
memory,0.0,express,0.0
men,0.0,facing,0.0
mess,0.0,prove,0.0
mhm,0.0,fading,0.0
middle,0.0,provoking,0.0
morning,0.0,faith,0.0
loud,0.0,electrified,0.0
25,0.0,either,0.0
knife,0.0,east,0.0
laying,0.0,kept,0.0
knowing,0.0,dm,0.0
lady,0.0,dog,0.0
last,0.0,doin,0.0
late,0.0,pouring,0.0
laugh,0.0,kilimanjaro,0.0
laughin,0.0,dress,0.0
lay,0.0,key,0.0
lean,0.0,karma,0.0
lookin,0.0,speed,0.0
learning,0.0,dry,0.0
letting,0.0,price,0.0
lied,0.0,spine,0.0
lift,0.0,karaoke,0.0
lightin,0.0,kama,0.0
live,0.0,problem,0.0
living,0.0,spell,0.0
zone,0.0,23,0.0
