word,Handwritten (Deluxe),word,Illuminate (Deluxe),word,Nine Track Mind (Deluxe),word,Shawn Mendes,word,Voicenotes
ah,0.5227583515042427,know,0.39678537275510317,river,0.5209070795930667,get,0.3675962733162828,baby,0.4701994969313077
know,0.4184402316709898,na,0.22803757054890986,run,0.4835920871385229,yeah,0.2881159980046541,oh,0.3311839934907472
oh,0.3285530707935179,mercy,0.2179392171460878,love,0.255015425822597,know,0.23347330872790933,boy,0.22309502175674564
air,0.2821798501655853,baby,0.20979456490499707,left,0.1768106952370006,youth,0.21892274574936757,tell,0.19216849005018663
wah,0.14310491755313437,cause,0.18243005643912788,oh,0.16320987252646207,baby,0.1788306194511646,girl,0.1717250336618689
got,0.10848450450729365,got,0.17330855361717148,nothing,0.1527651858676234,perfectly,0.1772231751304404,doin,0.17161155519749666
time,0.10848450450729365,please,0.1641870507952151,right,0.1292078157501158,little,0.16889558503721103,know,0.15945895982887828
cause,0.1053849472356567,say,0.1641870507952151,mind,0.12864436704641968,away,0.15896055062325742,yeah,0.15945895982887828
na,0.1053849472356567,honest,0.15444046785465054,know,0.1258076100724812,take,0.14902551620930385,la,0.15445039967774699
yeah,0.10228538996401973,yeah,0.1413832937403241,got,0.11220678736194269,waitin,0.13552360451151327,miss,0.1523006343970336
love,0.09918583269238276,darling,0.14101949344746856,make,0.10540637600667344,mind,0.13508366158373192,way,0.15128157727355118
take,0.09608627542074581,keep,0.14019914241782716,anymore,0.10452354822521599,ready,0.1345718040540124,got,0.14719288599588765
get,0.09298671814910885,oh,0.1368225423293459,feel,0.10050341175501538,think,0.13412296458837344,em,0.13728924415799731
lift,0.08456199673594304,take,0.1322617909183677,type,0.09786982715898679,particular,0.12509871185678145,another,0.13153236607016539
string,0.08396810648729917,love,0.1277010395073895,cause,0.09520575897376955,want,0.11922041296744307,na,0.12266073832990636
tell,0.08368804633419796,trying,0.12402231829269326,one,0.09520575897376955,excited,0.11467381920204966,round,0.11154751087837282
let,0.08368804633419796,heart,0.12314028809641132,suffer,0.09276427444808039,could,0.10928537855348948,one,0.10630597321925218
feel,0.08062281433302437,let,0.11401878527445493,baby,0.09180555329613492,time,0.10431786134651269,treat,0.10343723271448146
ey,0.07805722775625512,need,0.10945803386347673,marvin,0.07849284760991417,got,0.10431786134651269,patient,0.10296693311849799
attached,0.07805722775625512,hold,0.10784549416755936,gaye,0.07849284760991417,blood,0.10424892654731789,get,0.09403989938626155
last,0.07347209317638677,tell,0.10489728245249853,time,0.07140431923032717,made,0.10092885304050929,love,0.09403989938626155
kid,0.07347209317638677,way,0.10033653104152034,get,0.07140431923032717,somebody,0.09984444551841054,done,0.09194420685731686
something,0.0732934675754767,lost,0.09706094475080342,na,0.06800411355269254,wrong,0.09935034413953589,wa,0.08586251683093445
big,0.07155245877656718,see,0.09577577963054214,talk,0.06800411355269254,queen,0.09251811528713351,messing,0.08580577759874833
go,0.07128981724765011,promise,0.09121502821956394,wa,0.06800411355269254,let,0.0894153097255823,cup,0.08580577759874833
back,0.07128981724765011,go,0.09121502821956394,loved,0.06690418616429443,cause,0.0894153097255823,goin,0.08580577759874833
weight,0.06822408652093058,time,0.08665427680858574,losing,0.06690418616429443,never,0.0894153097255823,please,0.08177382555327091
mean,0.0650907027043762,would,0.08627639533404748,beautiful,0.06432218352320984,around,0.08444779251860551,ha,0.0761503171985168
baby,0.0650907027043762,bad,0.08494225732005779,dangerously,0.06422142077174796,tell,0.08444779251860551,slow,0.07470466807156995
hard,0.06297607986547438,begging,0.08332970067350415,hang,0.06422142077174796,hard,0.08410737753375774,ta,0.07359644299794382
summer,0.06297607986547438,treat,0.08332970067350415,never,0.061203702197423285,today,0.08410737753375774,go,0.07359644299794382
one,0.06199114543273923,mind,0.0808841206256695,away,0.05780349651978865,mine,0.08378006529999368,want,0.06950775172028027
say,0.06199114543273923,better,0.07753277398662935,yeah,0.05780349651978865,nothin,0.0833991412378543,cause,0.06950775172028027
never,0.06199114543273923,move,0.07691972369861921,trouble,0.057346445283680936,tonight,0.07948027531162871,real,0.06922756108956073
needing,0.05854292081719134,holding,0.07691972369861921,dawn,0.05708570735266485,oh,0.07948027531162871,empty,0.06922756108956073
stitch,0.05854292081719134,reputation,0.07656999165311414,judge,0.05708570735266485,go,0.07948027531162871,either,0.06864462207899866
happening,0.05854292081719134,inch,0.07656999165311414,could,0.05440329084215403,feel,0.07635163480819629,huh,0.06864462207899866
seem,0.056632154746292955,understand,0.07549184591729154,game,0.051813437907698885,say,0.07451275810465192,shady,0.06864462207899866
want,0.055792030889465306,get,0.07297202257565115,say,0.0510030851645194,ugly,0.07297424858312251,knew,0.06767806971319837
alone,0.055792030889465306,even,0.07297202257565115,girl,0.0510030851645194,put,0.07047843213064273,maybe,0.06541906044261672
maybe,0.055792030889465306,light,0.07050974672373428,lose,0.04824163764240738,bit,0.06981672108332808,believe,0.06321164221440534
grow,0.05248006655456198,stop,0.07050974672373428,doe,0.04778870440306745,every,0.06954524089767512,somebody,0.06284392187654134
coming,0.05227583515042426,feel,0.07009957120891358,let,0.047602879486884776,soul,0.0672859020270062,noticed,0.06230480498060465
make,0.04959291634619138,nothing,0.07009957120891358,gon,0.04422150117220677,help,0.06460522945308918,could,0.06133036916495318
need,0.04959291634619138,crazy,0.06841127116467295,call,0.04422150117220677,lost,0.06460522945308918,leave,0.06133036916495318
hold,0.04764075392405985,ruin,0.06699874269647486,want,0.04420267380925015,wa,0.06457772369069834,gettin,0.06006404431912382
heart,0.04649335907455442,happiness,0.06699874269647486,used,0.0430098339627607,break,0.06457772369069834,young,0.06006404431912382
kiss,0.04649335907455442,patience,0.06699874269647486,instagram,0.042814280514498634,wake,0.06283504897499527,cry,0.057465129285823036
little,0.04649335907455442,though,0.06470729650053561,mon,0.042814280514498634,conscious,0.06254935592839073,say,0.057241677887289635
thread,0.04553338285781548,hurt,0.06385051975369475,model,0.042814280514498634,self,0.06254935592839073,honestly,0.05317562620322729
needle,0.04553338285781548,one,0.06385051975369475,wearing,0.042814280514498634,number,0.06254935592839073,hate,0.05317562620322729
close,0.04397608054528602,empty,0.06177618714186022,step,0.042814280514498634,one,0.059610206483721534,party,0.05171861635724073
keep,0.04397608054528602,going,0.05928976834271656,almost,0.042814280514498634,leave,0.059610206483721534,wanted,0.05171861635724073
alright,0.04356319595868689,every,0.05928976834271656,way,0.04080246813161552,obsessed,0.058875164273630425,believed,0.05148346655924899
life,0.040311407166512186,fool,0.05768979277396441,take,0.04080246813161552,morning,0.05585337686666246,dare,0.05148346655924899
gon,0.040311407166512186,ta,0.054729016931738365,said,0.04080246813161552,right,0.05464268927674474,never,0.04906429533196254
though,0.040311407166512186,back,0.054729016931738365,known,0.04029934059487691,walk,0.05464268927674474,take,0.04906429533196254
would,0.040311407166512186,really,0.054729016931738365,would,0.04020136470200616,look,0.05464268927674474,tryna,0.04845929276269251
without,0.0392068763628182,said,0.054729016931738365,crime,0.03823096352245396,thinking,0.05285882409798205,attention,0.04845929276269251
bring,0.03902861387812756,ever,0.054729016931738365,every,0.03740226245398089,stressed,0.052124463273658946,body,0.04597210342865843
feeling,0.03719468725964354,saying,0.05392274708377968,superman,0.03567856709541553,hell,0.050464426520254645,change,0.044975604054299
break,0.03719468725964354,night,0.05016826552076017,dry,0.03567856709541553,taste,0.050464426520254645,90,0.042902888799374164
ever,0.03719468725964354,word,0.04853047237540171,thousand,0.03567856709541553,falling,0.050464426520254645,beside,0.042902888799374164
falling,0.036736046588193384,grow,0.046332140356395164,shame,0.03567856709541553,plan,0.050464426520254645,runnin,0.04153653665373644
eye,0.03664673378773835,tearing,0.046332140356395164,reeling,0.03567856709541553,see,0.049675172069767945,already,0.04153653665373644
name,0.03664673378773835,tryna,0.046332140356395164,look,0.03400205677634627,way,0.049675172069767945,thing,0.040886912776635455
trying,0.03664673378773835,never,0.04560751410978197,come,0.03400205677634627,need,0.049675172069767945,long,0.040886912776635455
running,0.034850556766949516,right,0.04560751410978197,going,0.03400205677634627,love,0.049675172069767945,gon,0.03867318269325621
party,0.034850556766949516,losing,0.04486983882419455,night,0.03400205677634627,seem,0.04887170475832966,world,0.03867318269325621
hand,0.034095129988006574,easy,0.04486983882419455,give,0.03400205677634627,found,0.04887170475832966,make,0.03679822149897191
much,0.034095129988006574,gon,0.04313819766702374,thing,0.03400205677634627,babe,0.04698562142042849,room,0.03679822149897191
come,0.034095129988006574,three,0.04313819766702374,song,0.033452093082147215,hate,0.04698562142042849,tomorrow,0.03461378054478036
sometimes,0.032982060408964516,start,0.04313819766702374,different,0.03216109176160492,making,0.04698562142042849,work,0.03461378054478036
aftertaste,0.03252384489843964,life,0.04313819766702374,find,0.03216109176160492,much,0.04470765486279115,feelin,0.03461378054478036
memory,0.03252384489843964,always,0.04104676269880377,crazy,0.030601851098711642,place,0.04470765486279115,supposed,0.03461378054478036
imagination,0.03252384489843964,give,0.04104676269880377,go,0.030601851098711642,year,0.04205368876687887,trust,0.03447907757149382
craving,0.03148803993273719,much,0.04104676269880377,always,0.030601851098711642,nervous,0.04205368876687887,karma,0.03432231103949933
watch,0.03148803993273719,cross,0.038610116963662636,save,0.028785243282054934,anytime,0.04189003264999684,biggest,0.03432231103949933
away,0.030995572716369615,stand,0.038610116963662636,dress,0.028785243282054934,free,0.04189003264999684,creepin,0.03432231103949933
girl,0.030995572716369615,wake,0.03845986184930961,brain,0.028542853676332424,giving,0.04189003264999684,encore,0.03432231103949933
breathe,0.02931738703019068,old,0.03845986184930961,overdosed,0.028542853676332424,couple,0.04189003264999684,television,0.03432231103949933
remember,0.027896015444732653,apart,0.03845986184930961,bottle,0.028542853676332424,ruler,0.04169957061892715,mmm,0.03432231103949933
ta,0.027896015444732653,willing,0.03828499582655707,healing,0.028542853676332424,conversation,0.04169957061892715,actin,0.03432231103949933
wait,0.027896015444732653,gladly,0.03828499582655707,subtle,0.028542853676332424,country,0.04169957061892715,apology,0.03432231103949933
way,0.027896015444732653,praying,0.03828499582655707,lord,0.028542853676332424,mutual,0.04169957061892715,close,0.033839034856599184
kill,0.02624003327728099,lady,0.03828499582655707,yesterday,0.028542853676332424,caving,0.04169957061892715,right,0.03270953022130836
apart,0.02613791757521213,ripping,0.03828499582655707,care,0.02814095529140431,beautiful,0.041112418742874926,hand,0.03270953022130836
forever,0.02613791757521213,til,0.03828499582655707,keep,0.02814095529140431,long,0.039740137655814356,along,0.02900488701994216
slipping,0.026019075918751706,gentleman,0.03828499582655707,eye,0.02814095529140431,still,0.039740137655814356,new,0.028732564642911518
dream,0.026019075918751706,confessing,0.03828499582655707,looking,0.02814095529140431,night,0.039740137655814356,told,0.028732564642911518
pushed,0.026019075918751706,rose,0.03828499582655707,day,0.027201645421077014,something,0.03523921606532136,day,0.028620838943644818
spare,0.026019075918751706,intention,0.03828499582655707,enough,0.027201645421077014,sometimes,0.03523921606532136,night,0.028620838943644818
permanent,0.026019075918751706,consuming,0.03828499582655707,missing,0.023894352201533724,cool,0.03490836054166404,said,0.028620838943644818
stringing,0.026019075918751706,sacrifice,0.03828499582655707,holding,0.023894352201533724,new,0.03490836054166404,lately,0.028620838943644818
suffocating,0.026019075918751706,puppet,0.03828499582655707,open,0.023894352201533724,change,0.03477262044883756,let,0.028620838943644818
realize,0.026019075918751706,prepared,0.03828499582655707,kind,0.023894352201533724,said,0.03477262044883756,wrong,0.028620838943644818
replace,0.026019075918751706,care,0.03774592295864577,wanted,0.023894352201533724,mean,0.03477262044883756,give,0.028620838943644818
shot,0.026019075918751706,hate,0.03774592295864577,much,0.023801439743442388,enough,0.03477262044883756,dress,0.02769102443582429
clear,0.026019075918751706,guess,0.03774592295864577,play,0.023801439743442388,warning,0.0336429510135031,hell,0.02769102443582429
harm,0.026019075918751706,try,0.036486011287825575,heart,0.023801439743442388,uh,0.0336429510135031,made,0.02769102443582429
fog,0.026019075918751706,long,0.036486011287825575,even,0.023801439743442388,meet,0.0336429510135031,callin,0.025741733279624496
sorry,0.025652713651416845,make,0.036486011287825575,woah,0.023028194625643948,pain,0.0336429510135031,heather,0.025741733279624496
help,0.025652713651416845,wa,0.036486011287825575,playing,0.023028194625643948,ten,0.0336429510135031,famous,0.025741733279624496
thought,0.02479645817309569,enough,0.036486011287825575,throw,0.023028194625643948,reciprocate,0.03127467796419536,born,0.025741733279624496
night,0.02479645817309569,nobody,0.036486011287825575,ready,0.023028194625643948,appear,0.03127467796419536,nicole,0.025741733279624496
wa,0.02479645817309569,find,0.032353648250267805,climb,0.023028194625643948,since,0.03127467796419536,tiffany,0.025741733279624496
home,0.02479645817309569,might,0.032353648250267805,sucker,0.021407140257249317,japan,0.03127467796419536,terrified,0.025741733279624496
even,0.02479645817309569,good,0.032353648250267805,facing,0.021407140257249317,bringing,0.03127467796419536,coast,0.025741733279624496
care,0.02198804027264301,die,0.03204988487442468,ruined,0.021407140257249317,chase,0.03127467796419536,perfume,0.025741733279624496
word,0.02198804027264301,underneath,0.03204988487442468,top,0.021407140257249317,safety,0.03127467796419536,east,0.025741733279624496
knew,0.02198804027264301,skin,0.03204988487442468,explosion,0.021407140257249317,tightrope,0.03127467796419536,weather,0.025741733279624496
forget,0.02198804027264301,free,0.03204988487442468,changed,0.021407140257249317,fly,0.03127467796419536,nicky,0.025741733279624496
lover,0.021781597979343446,driving,0.03204988487442468,mount,0.021407140257249317,finally,0.03127467796419536,still,0.02453214766598127
stop,0.021781597979343446,think,0.03192525987684738,hearted,0.021407140257249317,men,0.03127467796419536,nobody,0.02453214766598127
used,0.021781597979343446,want,0.03192525987684738,speed,0.021407140257249317,stuck,0.03127467796419536,little,0.02453214766598127
slow,0.021781597979343446,mean,0.03192525987684738,full,0.021407140257249317,crowned,0.03127467796419536,even,0.02453214766598127
people,0.021781597979343446,fix,0.03088809357093011,throttle,0.021407140257249317,hi,0.03127467796419536,think,0.02453214766598127
wall,0.021781597979343446,lung,0.03088809357093011,view,0.021407140257249317,net,0.03127467796419536,making,0.024170739183285134
two,0.021781597979343446,set,0.03088809357093011,emotion,0.021407140257249317,trapped,0.03127467796419536,thinking,0.024170739183285134
could,0.02169690090145873,flame,0.03088809357093011,screaming,0.021407140257249317,even,0.029805103241860767,turn,0.024170739183285134
try,0.02169690090145873,pick,0.03088809357093011,kilimanjaro,0.021407140257249317,feeling,0.029805103241860767,start,0.024170739183285134
crazy,0.02169690090145873,hide,0.03088809357093011,waiting,0.021407140257249317,left,0.029805103241860767,trying,0.024170739183285134
tonight,0.02169690090145873,worried,0.03088809357093011,bother,0.021407140257249317,heart,0.029805103241860767,listen,0.024170739183285134
leave,0.02169690090145873,string,0.03088809357093011,blow,0.021407140257249317,talk,0.029805103241860767,part,0.022986051714329214
right,0.02169690090145873,deserves,0.0287137468699178,problem,0.021407140257249317,nothing,0.029366013387767807,mine,0.022986051714329214
look,0.02169690090145873,instead,0.0287137468699178,liar,0.021407140257249317,might,0.029366013387767807,half,0.022986051714329214
said,0.02169690090145873,wasted,0.0287137468699178,posted,0.021407140257249317,told,0.02792668843333123,die,0.022986051714329214
head,0.02169690090145873,consequence,0.0287137468699178,ashamed,0.021407140257249317,believe,0.02792668843333123,sure,0.022986051714329214
soon,0.020992026621824793,motion,0.0287137468699178,alone,0.02040123406580776,single,0.02792668843333123,bout,0.022986051714329214
woah,0.020992026621824793,turning,0.0287137468699178,better,0.02040123406580776,le,0.02792668843333123,save,0.02076826832686822
telling,0.020992026621824793,decision,0.0287137468699178,wait,0.02040123406580776,without,0.02792668843333123,okay,0.02076826832686822
erase,0.020992026621824793,tear,0.0287137468699178,need,0.02040123406580776,bout,0.02792668843333123,gave,0.02076826832686822
happier,0.020992026621824793,inhibition,0.0287137468699178,world,0.02010068235100308,wall,0.02792668843333123,expect,0.02076826832686822
pain,0.020992026621824793,manipulate,0.0287137468699178,word,0.02010068235100308,late,0.02792668843333123,given,0.02076826832686822
pas,0.01951430693906378,wrong,0.027364508465869183,move,0.01911548176122698,hotel,0.025232213260127322,heart,0.020443456388317727
bear,0.01951430693906378,first,0.027364508465869183,fire,0.01911548176122698,came,0.025232213260127322,time,0.020443456388317727
heavy,0.01951430693906378,could,0.027364508465869183,closer,0.01911548176122698,mile,0.025232213260127322,gone,0.020443456388317727
brings,0.01951430693906378,alone,0.027364508465869183,man,0.01911548176122698,shoe,0.025232213260127322,need,0.020443456388317727
pretty,0.01951430693906378,stay,0.027364508465869183,pull,0.01911548176122698,bad,0.025232213260127322,someone,0.020443456388317727
tripping,0.01951430693906378,girl,0.027364508465869183,mercy,0.01911548176122698,fell,0.025232213260127322,hey,0.020443456388317727
ordinary,0.01951430693906378,hand,0.027364508465869183,le,0.01911548176122698,involved,0.025232213260127322,thought,0.020443456388317727
bleed,0.01951430693906378,fight,0.02696137354188984,without,0.01911548176122698,promise,0.024837586034883972,see,0.020443456388317727
scary,0.01951430693906378,strong,0.02696137354188984,reason,0.01911548176122698,someone,0.024837586034883972,fall,0.020443456388317727
lied,0.01951430693906378,hear,0.02696137354188984,crash,0.01727114596923296,make,0.024837586034883972,ya,0.019336591346628105
pulling,0.01951430693906378,forget,0.02696137354188984,soon,0.01727114596923296,back,0.024837586034883972,lie,0.019336591346628105
piece,0.01951430693906378,inside,0.02696137354188984,onto,0.01727114596923296,keep,0.023492810710214244,good,0.019336591346628105
grabbing,0.01951430693906378,anymore,0.02696137354188984,insane,0.01727114596923296,turn,0.023492810710214244,god,0.019336591346628105
aching,0.01951430693906378,side,0.02696137354188984,tight,0.01727114596923296,sorry,0.023492810710214244,though,0.019336591346628105
wind,0.01951430693906378,fire,0.02563990789953974,black,0.01727114596923296,inside,0.023492810710214244,loving,0.019336591346628105
see,0.01859734362982177,deserve,0.02563990789953974,pride,0.01727114596923296,ask,0.023492810710214244,saw,0.01723953878574691
think,0.01859734362982177,bone,0.02563990789953974,uh,0.01727114596923296,treat,0.02094501632499842,lover,0.01723953878574691
afraid,0.01859734362982177,trust,0.02563990789953974,tell,0.017001028388173134,underneath,0.02094501632499842,wake,0.01723953878574691
every,0.01859734362982177,morning,0.02563990789953974,phone,0.017001028388173134,hit,0.02094501632499842,everybody,0.01723953878574691
stay,0.01859734362982177,twice,0.02563990789953974,see,0.017001028388173134,skin,0.02094501632499842,coming,0.01723953878574691
fall,0.01859734362982177,many,0.02563990789953974,maybe,0.017001028388173134,hope,0.02094501632499842,goodbye,0.01723953878574691
start,0.018323366893869174,ahead,0.023166070178197582,back,0.017001028388173134,doe,0.02094501632499842,giving,0.01723953878574691
begging,0.017425278383474758,shawn,0.023166070178197582,walk,0.017001028388173134,hundred,0.02094501632499842,knee,0.01723953878574691
knee,0.017425278383474758,swear,0.023166070178197582,fall,0.017001028388173134,kind,0.02094501632499842,perfect,0.01723953878574691
told,0.017425278383474758,drive,0.023166070178197582,afraid,0.017001028388173134,many,0.02094501632499842,rumor,0.017161155519749664
needed,0.017425278383474758,getting,0.023166070178197582,question,0.01608054588080246,half,0.02094501632499842,surface,0.017161155519749664
onto,0.015744019966368594,dad,0.023166070178197582,lie,0.01608054588080246,live,0.020849785309463575,rhythm,0.017161155519749664
fine,0.015744019966368594,asking,0.023166070178197582,might,0.01608054588080246,curse,0.020849785309463575,least,0.017161155519749664
pushing,0.015744019966368594,shaking,0.023166070178197582,else,0.01608054588080246,drownin,0.020849785309463575,parted,0.017161155519749664
tearing,0.015744019966368594,wait,0.022803757054890985,knew,0.01608054588080246,disappointment,0.020849785309463575,faster,0.017161155519749664
black,0.015744019966368594,place,0.022803757054890985,cold,0.01608054588080246,medicine,0.020849785309463575,beg,0.017161155519749664
mouth,0.015744019966368594,thought,0.022803757054890985,found,0.014336611320920234,laying,0.020849785309463575,dirt,0.017161155519749664
stand,0.015744019966368594,away,0.022803757054890985,fool,0.014336611320920234,nah,0.020849785309463575,seriously,0.017161155519749664
worse,0.015744019966368594,day,0.022803757054890985,lover,0.014336611320920234,crawling,0.020849785309463575,mmh,0.017161155519749664
shaking,0.015744019966368594,everything,0.022803757054890985,single,0.014336611320920234,paradise,0.020849785309463575,show,0.01635476511065418
shawn,0.015744019966368594,truth,0.02156909883351187,light,0.014336611320920234,mhm,0.020849785309463575,around,0.01635476511065418
shoulder,0.015744019966368594,else,0.02156909883351187,trust,0.014336611320920234,specific,0.020849785309463575,wait,0.01635476511065418
everyday,0.015744019966368594,air,0.02156909883351187,lip,0.014336611320920234,argue,0.020849785309463575,walk,0.01635476511065418
okay,0.015744019966368594,pull,0.019229930924654803,moving,0.014336611320920234,brush,0.020849785309463575,come,0.01635476511065418
dead,0.015744019966368594,crime,0.019229930924654803,darling,0.014336611320920234,sky,0.020849785309463575,left,0.01635476511065418
lately,0.015497786358184808,broken,0.019229930924654803,done,0.014336611320920234,wrapped,0.020849785309463575,home,0.01635476511065418
always,0.015497786358184808,alright,0.019229930924654803,front,0.014271426838166212,happy,0.020849785309463575,end,0.01450244350997108
face,0.015497786358184808,open,0.019229930924654803,riding,0.014271426838166212,hoping,0.020849785309463575,guess,0.01450244350997108
might,0.01465869351509534,wasting,0.019229930924654803,million,0.014271426838166212,hour,0.020849785309463575,regret,0.01450244350997108
along,0.01465869351509534,slow,0.019229930924654803,express,0.014271426838166212,familiar,0.020849785309463575,nothing,0.01450244350997108
guess,0.01465869351509534,man,0.019229930924654803,spell,0.014271426838166212,na,0.019870068827907178,waste,0.01450244350997108
anymore,0.01465869351509534,dark,0.019142497913278534,tied,0.014271426838166212,thought,0.019870068827907178,tried,0.01450244350997108
turn,0.01465869351509534,lure,0.019142497913278534,wondered,0.014271426838166212,thing,0.019870068827907178,caught,0.01450244350997108
thinking,0.01465869351509534,slam,0.019142497913278534,pile,0.014271426838166212,dying,0.01761960803266068,looking,0.01450244350997108
move,0.013068958787606066,near,0.019142497913278534,follower,0.014271426838166212,guess,0.01761960803266068,life,0.01450244350997108
smile,0.013068958787606066,sinking,0.019142497913278534,remains,0.014271426838166212,find,0.01761960803266068,find,0.01450244350997108
picture,0.013068958787606066,guessing,0.019142497913278534,awoken,0.014271426838166212,word,0.01761960803266068,guy,0.013845512217912146
control,0.013068958787606066,complicate,0.019142497913278534,completely,0.014271426838166212,waste,0.01761960803266068,asking,0.013845512217912146
bone,0.013068958787606066,stumbled,0.019142497913278534,rush,0.014271426838166212,along,0.01761960803266068,hide,0.013845512217912146
whatever,0.013068958787606066,deep,0.019142497913278534,smoking,0.014271426838166212,close,0.01761960803266068,swear,0.013845512217912146
mistake,0.013068958787606066,living,0.019142497913278534,choking,0.014271426838166212,different,0.01761960803266068,warning,0.013845512217912146
best,0.013068958787606066,naked,0.019142497913278534,opened,0.014271426838166212,loving,0.01761960803266068,staying,0.013845512217912146
light,0.013068958787606066,little,0.018243005643912787,popular,0.014271426838166212,good,0.01761960803266068,ground,0.013845512217912146
far,0.013068958787606066,gone,0.018243005643912787,lovin,0.014271426838166212,name,0.01761960803266068,chance,0.013845512217912146
hmm,0.013009537959375853,felt,0.018243005643912787,blue,0.014271426838166212,trying,0.01761960803266068,anxious,0.013845512217912146
house,0.013009537959375853,face,0.018243005643912787,change,0.013600822710538507,looking,0.01761960803266068,clothes,0.013845512217912146
darkness,0.013009537959375853,different,0.016176824125133903,try,0.013600822710538507,met,0.01761960803266068,sign,0.013845512217912146
sad,0.013009537959375853,seen,0.016176824125133903,around,0.013600822710538507,forget,0.01761960803266068,harder,0.013845512217912146
shining,0.013009537959375853,matter,0.016176824125133903,friend,0.013600822710538507,knew,0.01761960803266068,admit,0.013845512217912146
raise,0.013009537959375853,sorry,0.016176824125133903,really,0.013600822710538507,pretend,0.01761960803266068,run,0.013845512217912146
shine,0.013009537959375853,ask,0.016176824125133903,door,0.013600822710538507,tomorrow,0.01682147550675155,insecure,0.013845512217912146
kinda,0.013009537959375853,sometimes,0.016176824125133903,ta,0.013600822710538507,act,0.01682147550675155,convince,0.013845512217912146
punched,0.013009537959375853,listen,0.016176824125133903,think,0.013600822710538507,middle,0.01682147550675155,minute,0.013845512217912146
eternity,0.013009537959375853,babe,0.016176824125133903,breathe,0.012060409410601845,meant,0.01682147550675155,tonight,0.012266073832990635
searching,0.013009537959375853,changing,0.016176824125133903,everyone,0.012060409410601845,heard,0.01682147550675155,every,0.012266073832990635
sleeping,0.013009537959375853,supposed,0.015444046785465055,babe,0.012060409410601845,started,0.01682147550675155,place,0.012266073832990635
seam,0.013009537959375853,shoulder,0.015444046785465055,dying,0.012060409410601845,staring,0.01682147550675155,promise,0.012266073832990635
hole,0.013009537959375853,talking,0.015444046785465055,truth,0.012060409410601845,sound,0.01682147550675155,going,0.012266073832990635
sneak,0.013009537959375853,taste,0.015444046785465055,regret,0.012060409410601845,nice,0.01682147550675155,talk,0.012266073832990635
forgive,0.013009537959375853,lot,0.015444046785465055,matter,0.012060409410601845,honest,0.01682147550675155,friend,0.012266073832990635
typical,0.013009537959375853,tired,0.015444046785465055,met,0.012060409410601845,quite,0.01682147550675155,everything,0.012266073832990635
alive,0.013009537959375853,probably,0.015444046785465055,air,0.012060409410601845,drink,0.01682147550675155,always,0.012266073832990635
burnt,0.013009537959375853,meant,0.015444046785465055,gave,0.011514097312821974,laugh,0.01682147550675155,better,0.012266073832990635
astrid,0.013009537959375853,belong,0.015444046785465055,describe,0.011514097312821974,erase,0.01682147550675155,try,0.012266073832990635
touched,0.013009537959375853,worse,0.015444046785465055,lonely,0.011514097312821974,compared,0.01682147550675155,moment,0.012266073832990635
gone,0.012398229086547845,hotel,0.015444046785465055,line,0.011514097312821974,girl,0.014902551620930383,man,0.011493025857164607
someone,0.012398229086547845,mess,0.015444046785465055,ten,0.011514097312821974,maybe,0.014902551620930383,needed,0.011493025857164607
moment,0.012398229086547845,weight,0.015444046785465055,drive,0.011514097312821974,alone,0.014902551620930383,many,0.011493025857164607
thing,0.012398229086547845,power,0.015444046785465055,longer,0.011514097312821974,better,0.014902551620930383,deserve,0.011493025857164607
really,0.012398229086547845,rest,0.015444046785465055,act,0.011514097312821974,moment,0.014902551620930383,call,0.009668295673314052
everything,0.012398229086547845,train,0.015444046785465055,red,0.011514097312821974,really,0.014902551620930383,whole,0.009668295673314052
left,0.012398229086547845,minute,0.015444046785465055,sun,0.011514097312821974,ta,0.014902551620930383,something,0.009668295673314052
making,0.010994020136321505,pride,0.015444046785465055,obsessed,0.011514097312821974,face,0.014902551620930383,everyone,0.009668295673314052
beautiful,0.010994020136321505,thing,0.013682254232934591,harder,0.011514097312821974,remember,0.014902551620930383,name,0.009668295673314052
world,0.010994020136321505,hey,0.013682254232934591,whoa,0.011514097312821974,come,0.014902551620930383,hold,0.009668295673314052
together,0.010994020136321505,moment,0.013682254232934591,till,0.011514097312821974,bed,0.013963344216665615,would,0.009668295673314052
side,0.010994020136321505,remember,0.013682254232934591,road,0.011514097312821974,mercy,0.013963344216665615,took,0.009668295673314052
lost,0.010994020136321505,still,0.013682254232934591,chance,0.011514097312821974,lip,0.013963344216665615,else,0.009668295673314052
true,0.010994020136321505,change,0.013682254232934591,high,0.011514097312821974,forever,0.013963344216665615,list,0.008580577759874832
asleep,0.010496013310912397,leave,0.013682254232934591,please,0.01020061703290388,arm,0.013963344216665615,leaving,0.008580577759874832
till,0.010496013310912397,fall,0.013682254232934591,everything,0.01020061703290388,star,0.013963344216665615,lived,0.008580577759874832
sound,0.010496013310912397,phone,0.013682254232934591,hurt,0.01020061703290388,lying,0.013963344216665615,recklessness,0.008580577759874832
longer,0.010496013310912397,maybe,0.013682254232934591,moment,0.01020061703290388,broken,0.013963344216665615,adding,0.008580577759874832
another,0.010496013310912397,talk,0.013682254232934591,tonight,0.01020061703290388,song,0.013963344216665615,accusation,0.008580577759874832
noticed,0.010496013310912397,someone,0.013682254232934591,promise,0.01020061703290388,open,0.013963344216665615,father,0.008580577759874832
hanging,0.010496013310912397,friend,0.013682254232934591,first,0.01020061703290388,wish,0.011746405355107122,looked,0.008580577759874832
win,0.010496013310912397,body,0.01281995394976987,head,0.01020061703290388,eye,0.011746405355107122,wrapping,0.008580577759874832
known,0.010496013310912397,foot,0.01281995394976987,break,0.01020061703290388,lose,0.011746405355107122,immature,0.008580577759874832
wonder,0.010496013310912397,cry,0.01281995394976987,giving,0.00955774088061349,ya,0.011746405355107122,stopping,0.008580577759874832
work,0.010496013310912397,people,0.01281995394976987,couple,0.00955774088061349,hear,0.011746405355107122,faith,0.008580577759874832
calling,0.010496013310912397,mistake,0.01281995394976987,far,0.00955774088061349,fight,0.011746405355107122,fucking,0.008580577759874832
standing,0.010496013310912397,hundred,0.01281995394976987,smile,0.00955774088061349,matter,0.011746405355107122,stressing,0.008580577759874832
anything,0.010496013310912397,sure,0.01281995394976987,second,0.00955774088061349,together,0.011746405355107122,explain,0.008580577759874832
sun,0.010496013310912397,far,0.01281995394976987,drunk,0.00955774088061349,tried,0.011746405355107122,relationship,0.008580577759874832
ground,0.010496013310912397,closer,0.01281995394976987,hit,0.00955774088061349,took,0.011746405355107122,excuse,0.008580577759874832
show,0.009298671814910885,story,0.010784549416755934,arm,0.00955774088061349,strong,0.011746405355107122,afternoon,0.008580577759874832
going,0.009298671814910885,god,0.010784549416755934,hope,0.00955774088061349,call,0.011746405355107122,family,0.008580577759874832
day,0.009298671814910885,took,0.010784549416755934,easy,0.00955774088061349,caught,0.011746405355107122,23,0.008580577759874832
promise,0.009298671814910885,waste,0.010784549416755934,old,0.00955774088061349,breathe,0.011746405355107122,differently,0.008580577759874832
better,0.009298671814910885,lie,0.010784549416755934,sorry,0.00804027294040123,instrumental,0.010424892654731788,traveling,0.008580577759874832
phone,0.009298671814910885,end,0.010784549416755934,inside,0.00804027294040123,innocent,0.010424892654731788,bye,0.008580577759874832
around,0.009298671814910885,regret,0.010784549416755934,start,0.00804027294040123,history,0.010424892654731788,upstairs,0.008580577759874832
please,0.009298671814910885,beautiful,0.010784549416755934,life,0.00804027294040123,askin,0.010424892654731788,unraveling,0.008580577759874832
first,0.009298671814910885,upon,0.009571248956639267,name,0.00804027294040123,asked,0.010424892654731788,nyc,0.008580577759874832
quit,0.008712639191737379,week,0.009571248956639267,lost,0.00804027294040123,six,0.010424892654731788,price,0.008580577759874832
doe,0.008712639191737379,awkward,0.009571248956639267,thinking,0.00804027294040123,favorite,0.010424892654731788,uncomfortable,0.008580577759874832
mine,0.008712639191737379,window,0.009571248956639267,somebody,0.00804027294040123,caf√©,0.010424892654731788,permission,0.008580577759874832
arm,0.008712639191737379,spoken,0.009571248956639267,honestly,0.00804027294040123,joke,0.010424892654731788,happened,0.008580577759874832
foot,0.008712639191737379,simply,0.009571248956639267,turn,0.00804027294040123,hopeless,0.010424892654731788,mother,0.008580577759874832
bit,0.008712639191737379,pray,0.009571248956639267,masterpiece,0.007135713419083106,fast,0.010424892654731788,cheated,0.008580577759874832
wasting,0.008712639191737379,sincere,0.009571248956639267,stroll,0.007135713419083106,hopin,0.010424892654731788,confront,0.008580577759874832
darling,0.008712639191737379,vibe,0.009571248956639267,hurting,0.007135713419083106,cheer,0.010424892654731788,separate,0.008580577759874832
damn,0.008712639191737379,easier,0.009571248956639267,knock,0.007135713419083106,worth,0.010424892654731788,city,0.008580577759874832
underneath,0.008712639191737379,breaking,0.009571248956639267,highlight,0.007135713419083106,breakfast,0.010424892654731788,shy,0.008580577759874832
waste,0.00732934675754767,simple,0.009571248956639267,lifeline,0.007135713419083106,scrolling,0.010424892654731788,complied,0.008580577759874832
else,0.00732934675754767,fan,0.009571248956639267,mask,0.007135713419083106,idea,0.010424892654731788,complicated,0.008580577759874832
end,0.00732934675754767,learning,0.009571248956639267,ignored,0.007135713419083106,impressed,0.010424892654731788,competition,0.008580577759874832
dying,0.00732934675754767,spending,0.009571248956639267,stud,0.007135713419083106,inconsistency,0.010424892654731788,throwing,0.008580577759874832
met,0.00732934675754767,worst,0.009571248956639267,mountain,0.007135713419083106,fact,0.010424892654731788,key,0.008580577759874832
looking,0.00732934675754767,testify,0.009571248956639267,hitting,0.007135713419083106,interested,0.010424892654731788,throwin,0.008580577759874832
dance,0.00732934675754767,testified,0.009571248956639267,lighted,0.007135713419083106,devastation,0.010424892654731788,battery,0.008580577759874832
seen,0.00732934675754767,follow,0.009571248956639267,scream,0.007135713419083106,filled,0.010424892654731788,deleted,0.008580577759874832
put,0.00732934675754767,softly,0.009571248956639267,ho,0.007135713419083106,acting,0.010424892654731788,proud,0.008580577759874832
god,0.00732934675754767,ignore,0.009571248956639267,limelight,0.007135713419083106,chill,0.010424892654731788,birthday,0.008580577759874832
call,0.00732934675754767,flying,0.009571248956639267,holdin,0.007135713419083106,friendship,0.010424892654731788,greyhound,0.008580577759874832
strong,0.00732934675754767,nowadays,0.009571248956639267,limousine,0.007135713419083106,getcha,0.010424892654731788,serve,0.008580577759874832
regretted,0.0065047689796879265,flipped,0.009571248956639267,sipping,0.007135713419083106,bathroom,0.010424892654731788,promised,0.008580577759874832
standard,0.0065047689796879265,confession,0.009571248956639267,ski,0.007135713419083106,timeline,0.010424892654731788,theirselves,0.008580577759874832
may,0.0065047689796879265,keeping,0.009571248956639267,size,0.007135713419083106,thinkin,0.010424892654731788,war,0.008580577759874832
somehow,0.0065047689796879265,small,0.009571248956639267,heat,0.007135713419083106,tension,0.010424892654731788,apologize,0.008580577759874832
ocean,0.0065047689796879265,adelaide,0.009571248956639267,stray,0.007135713419083106,sweet,0.010424892654731788,boyfriend,0.008580577759874832
stake,0.0065047689796879265,decide,0.009571248956639267,luck,0.007135713419083106,blind,0.010424892654731788,bigger,0.008580577759874832
stained,0.0065047689796879265,kils,0.009571248956639267,karaoke,0.007135713419083106,hair,0.010424892654731788,waist,0.008580577759874832
bust,0.0065047689796879265,remind,0.009571248956639267,sell,0.007135713419083106,surprised,0.010424892654731788,messin,0.008580577759874832
flew,0.0065047689796879265,hesitation,0.009571248956639267,respect,0.007135713419083106,block,0.010424892654731788,pay,0.008580577759874832
burning,0.0065047689796879265,fill,0.009571248956639267,hosting,0.007135713419083106,sunrise,0.010424892654731788,back,0.00817738255532709
spinning,0.0065047689796879265,figure,0.009571248956639267,king,0.007135713419083106,floor,0.010424892654731788,face,0.00817738255532709
gently,0.0065047689796879265,negative,0.009571248956639267,funny,0.007135713419083106,sunday,0.010424892654731788,stay,0.00817738255532709
waited,0.0065047689796879265,heartbreak,0.009571248956639267,lawn,0.007135713419083106,flight,0.010424892654731788,break,0.00817738255532709
spend,0.0065047689796879265,person,0.009571248956639267,spine,0.007135713419083106,headline,0.010424892654731788,look,0.00817738255532709
sore,0.0065047689796879265,discovering,0.009571248956639267,fuck,0.007135713419083106,fit,0.010424892654731788,head,0.00817738255532709
friday,0.0065047689796879265,reassure,0.009571248956639267,sexy,0.007135713419083106,truce,0.010424892654731788,phone,0.00817738255532709
reel,0.0065047689796879265,speak,0.009571248956639267,glad,0.007135713419083106,finger,0.010424892654731788,ever,0.00817738255532709
spent,0.0065047689796879265,anyone,0.009571248956639267,forgiveness,0.007135713419083106,write,0.010424892654731788,away,0.00817738255532709
headed,0.0065047689796879265,letting,0.009571248956639267,repost,0.007135713419083106,stress,0.010424892654731788,notice,0.006922756108956073
someday,0.0065047689796879265,happens,0.009571248956639267,forgetting,0.007135713419083106,kanye,0.010424892654731788,share,0.006922756108956073
shut,0.0065047689796879265,gorgeous,0.009571248956639267,foolish,0.007135713419083106,ceiling,0.010424892654731788,standing,0.006922756108956073
awake,0.0065047689796879265,around,0.009121502821956394,gray,0.007135713419083106,kicked,0.010424892654731788,yet,0.006922756108956073
hypnotized,0.0065047689796879265,afraid,0.009121502821956394,figured,0.007135713419083106,apartment,0.010424892654731788,lock,0.006922756108956073
settle,0.0065047689796879265,room,0.009121502821956394,green,0.007135713419083106,push,0.010424892654731788,dumb,0.006922756108956073
sense,0.0065047689796879265,door,0.009121502821956394,kama,0.007135713419083106,conceited,0.010424892654731788,somewhere,0.006922756108956073
rope,0.0065047689796879265,look,0.009121502821956394,followed,0.007135713419083106,ease,0.010424892654731788,throw,0.006922756108956073
lightin,0.0065047689796879265,home,0.009121502821956394,lead,0.007135713419083106,poison,0.010424892654731788,fault,0.006922756108956073
intertwined,0.0065047689796879265,show,0.009121502821956394,section,0.007135713419083106,playin,0.010424892654731788,kept,0.006922756108956073
worked,0.0065047689796879265,lately,0.009121502821956394,modeling,0.007135713419083106,lookin,0.010424892654731788,situation,0.006922756108956073
past,0.0065047689796879265,walk,0.009121502821956394,jet,0.007135713419083106,pickin,0.010424892654731788,brother,0.006922756108956073
killing,0.0065047689796879265,come,0.009121502821956394,leather,0.007135713419083106,cooler,0.010424892654731788,brokenhearted,0.006922756108956073
anthem,0.0065047689796879265,midnight,0.007722023392732528,molly,0.007135713419083106,winter,0.010424892654731788,involved,0.006922756108956073
safe,0.0065047689796879265,chest,0.007722023392732528,flash,0.007135713419083106,couch,0.010424892654731788,whoa,0.006922756108956073
yell,0.0065047689796879265,slip,0.007722023392732528,gasoline,0.007135713419083106,mad,0.010424892654731788,fell,0.006922756108956073
lay,0.0065047689796879265,last,0.007722023392732528,rough,0.007135713419083106,overwhelmed,0.010424892654731788,nervous,0.006922756108956073
lean,0.0065047689796879265,space,0.007722023392732528,money,0.007135713419083106,outside,0.010424892654731788,leg,0.006922756108956073
hurricane,0.0065047689796879265,kissed,0.007722023392732528,stride,0.007135713419083106,opposite,0.010424892654731788,fair,0.006922756108956073
paint,0.0065047689796879265,already,0.007722023392732528,magic,0.007135713419083106,waking,0.010424892654731788,parent,0.006922756108956073
lured,0.0065047689796879265,slowly,0.007722023392732528,fun,0.007135713419083106,walked,0.010424892654731788,taking,0.006922756108956073
barely,0.0065047689796879265,fine,0.007722023392732528,fake,0.007135713419083106,answer,0.010424892654731788,blame,0.006922756108956073
grew,0.0065047689796879265,happier,0.007722023392732528,christ,0.007135713419083106,note,0.010424892654731788,insane,0.006922756108956073
smell,0.0065047689796879265,deny,0.007722023392732528,reject,0.007135713419083106,nose,0.010424892654731788,watch,0.006922756108956073
possibly,0.0065047689796879265,soul,0.007722023392732528,checking,0.007135713419083106,daybreak,0.010424892654731788,deny,0.006922756108956073
lower,0.0065047689796879265,clothes,0.007722023392732528,champagne,0.007135713419083106,muse,0.010424892654731788,slip,0.006922756108956073
wave,0.0065047689796879265,kill,0.007722023392732528,casino,0.007135713419083106,dear,0.010424892654731788,today,0.006922756108956073
bitter,0.0065047689796879265,dead,0.007722023392732528,cash,0.007135713419083106,movie,0.010424892654731788,tight,0.006922756108956073
outta,0.0065047689796879265,kid,0.007722023392732528,car,0.007135713419083106,woke,0.010424892654731788,road,0.006922756108956073
pressure,0.0065047689796879265,seems,0.007722023392732528,detonate,0.007135713419083106,connected,0.010424892654731788,wild,0.006922756108956073
loud,0.0065047689796879265,across,0.007722023392732528,detonator,0.007135713419083106,knowing,0.010424892654731788,sister,0.006922756108956073
lotto,0.0065047689796879265,sheet,0.007722023392732528,diamond,0.007135713419083106,rainbow,0.010424892654731788,growing,0.0057465129285823036
25,0.0065047689796879265,behind,0.007722023392732528,paris,0.007135713419083106,adrenaline,0.010424892654731788,wasting,0.0057465129285823036
pack,0.0065047689796879265,anyway,0.007722023392732528,buy,0.007135713419083106,ring,0.010424892654731788,alright,0.0057465129285823036
singin,0.0065047689796879265,brother,0.007722023392732528,burn,0.007135713419083106,resist,0.010424892654731788,walking,0.0057465129285823036
higher,0.0065047689796879265,everyday,0.007722023392732528,dipping,0.007135713419083106,recognize,0.010424892654731788,apart,0.0057465129285823036
beating,0.0065047689796879265,meet,0.007722023392732528,buck,0.007135713419083106,questioning,0.010424892654731788,well,0.0057465129285823036
stomp,0.0065047689796879265,staring,0.007722023392732528,thank,0.007135713419083106,zone,0.010424892654731788,scared,0.0057465129285823036
crowd,0.0065047689796879265,sign,0.007722023392732528,quick,0.007135713419083106,comfortable,0.010424892654731788,driving,0.0057465129285823036
quickly,0.0065047689796879265,wild,0.007722023392732528,class,0.007135713419083106,laughin,0.010424892654731788,bed,0.0057465129285823036
moth,0.0065047689796879265,given,0.007722023392732528,dog,0.007135713419083106,ever,0.009935034413953589,couple,0.0057465129285823036
expecting,0.0065047689796879265,sight,0.007722023392732528,nigga,0.007135713419083106,fall,0.009935034413953589,mistake,0.0057465129285823036
prison,0.0065047689796879265,easily,0.007722023392732528,coping,0.007135713419083106,hand,0.009935034413953589,loved,0.0057465129285823036
everywhere,0.0065047689796879265,win,0.007722023392732528,cop,0.007135713419083106,hey,0.009935034413953589,missing,0.0057465129285823036
club,0.0065047689796879265,calling,0.007722023392732528,rate,0.007135713419083106,afraid,0.009935034413953589,quit,0.0057465129285823036
surfacing,0.0065047689796879265,fault,0.007722023392732528,tough,0.007135713419083106,head,0.009935034413953589,two,0.0057465129285823036
complete,0.0065047689796879265,situation,0.007722023392732528,cruel,0.007135713419083106,gone,0.009935034413953589,ah,0.0057465129285823036
troubled,0.0065047689796879265,lonely,0.007722023392732528,rather,0.007135713419083106,nobody,0.009935034413953589,single,0.0057465129285823036
dressed,0.0065047689796879265,street,0.007722023392732528,reaching,0.007135713419083106,always,0.009935034413953589,found,0.0057465129285823036
drawn,0.0065047689796879265,drop,0.007722023392732528,considered,0.007135713419083106,first,0.009935034413953589,moving,0.0057465129285823036
dirty,0.0065047689796879265,lying,0.006409976974884935,daily,0.007135713419083106,phone,0.009935034413953589,sleep,0.0057465129285823036
town,0.0065047689796879265,missing,0.006409976974884935,tower,0.007135713419083106,room,0.009935034413953589,drunk,0.0057465129285823036
twelve,0.0065047689796879265,late,0.006409976974884935,ticket,0.007135713419083106,friend,0.009935034413953589,trouble,0.0057465129285823036
propose,0.0065047689796879265,picture,0.006409976974884935,darkest,0.007135713419083106,grown,0.008410737753375775,kind,0.0057465129285823036
defense,0.0065047689796879265,perfect,0.006409976974884935,climbing,0.007135713419083106,line,0.008410737753375775,help,0.004834147836657026
deeper,0.0065047689796879265,secret,0.006409976974884935,throne,0.007135713419083106,telling,0.008410737753375775,seen,0.004834147836657026
threw,0.0065047689796879265,running,0.006409976974884935,thrill,0.007135713419083106,tired,0.008410737753375775,saying,0.004834147836657026
corner,0.0065047689796879265,smile,0.006409976974884935,nowhere,0.007135713419083106,knife,0.008410737753375775,fight,0.004834147836657026
cost,0.0065047689796879265,seem,0.006409976974884935,dm,0.007135713419083106,seeing,0.008410737753375775,matter,0.004834147836657026
cozy,0.0065047689796879265,part,0.006409976974884935,voice,0.007135713419083106,runnin,0.008410737753375775,ask,0.004834147836657026
pulled,0.0065047689796879265,scared,0.006409976974884935,ay,0.007135713419083106,talking,0.008410737753375775,eye,0.004834147836657026
thunder,0.0065047689796879265,lip,0.006409976974884935,winning,0.007135713419083106,playing,0.008410737753375775,question,0.004834147836657026
tie,0.0065047689796879265,second,0.006409976974884935,wishlist,0.007135713419083106,slowly,0.008410737753375775,lose,0.004834147836657026
clap,0.0065047689796879265,growing,0.006409976974884935,plane,0.007135713419083106,insecure,0.008410737753375775,wondering,0.004834147836657026
sow,0.0065047689796879265,song,0.006409976974884935,anywhere,0.007135713419083106,seems,0.008410737753375775,story,0.004834147836657026
medal,0.0065047689796879265,bit,0.006409976974884935,planned,0.007135713419083106,mouth,0.008410737753375775,put,0.004834147836657026
pretending,0.0065047689796879265,control,0.006409976974884935,answered,0.007135713419083106,race,0.008410737753375775,dying,0.004834147836657026
cent,0.0065047689796879265,two,0.006409976974884935,worry,0.007135713419083106,usually,0.008410737753375775,different,0.004834147836657026
reap,0.0065047689796879265,best,0.006409976974884935,pointless,0.007135713419083106,use,0.008410737753375775,wish,0.004834147836657026
wrong,0.006199114543273923,everybody,0.006409976974884935,posing,0.007135713419083106,summer,0.008410737753375775,babe,0.004834147836657026
hurt,0.006199114543273923,used,0.006409976974884935,sutra,0.007135713419083106,singing,0.008410737753375775,dance,0.004834147836657026
hey,0.006199114543273923,anytime,0.006409976974884935,written,0.007135713419083106,rain,0.008410737753375775,anymore,0.004834147836657026
felt,0.006199114543273923,damn,0.006409976974884935,posse,0.007135713419083106,sight,0.008410737753375775,three,0.004834147836657026
talk,0.006199114543273923,close,0.005392274708377967,pouring,0.007135713419083106,game,0.008410737753375775,met,0.004834147836657026
play,0.006199114543273923,breathe,0.005392274708377967,fading,0.007135713419083106,staying,0.008410737753375775,changing,0.004834147836657026
walk,0.006199114543273923,everyone,0.005392274708377967,acapella,0.007135713419083106,sing,0.008410737753375775,mind,0.004834147836657026
change,0.006199114543273923,cold,0.005392274708377967,provoking,0.007135713419083106,worried,0.008410737753375775,together,0.004834147836657026
give,0.006199114543273923,question,0.005392274708377967,electrified,0.007135713419083106,sister,0.008410737753375775,mean,0.004088691277663545
door,0.006199114543273923,somebody,0.005392274708377967,bank,0.007135713419083106,lot,0.008410737753375775,play,0.004088691277663545
nobody,0.006199114543273923,something,0.005392274708377967,photograph,0.007135713419083106,breath,0.008410737753375775,door,0.004088691277663545
ha,0.005248006655456198,wish,0.005392274708377967,neither,0.007135713419083106,cut,0.008410737753375775,much,0.004088691277663545
feelin,0.005248006655456198,ya,0.005392274708377967,prove,0.007135713419083106,ahead,0.008410737753375775,enough,0.004088691277663545
quite,0.005248006655456198,whole,0.005392274708377967,tempting,0.007135713419083106,anxious,0.008410737753375775,crazy,0.004088691277663545
must,0.005248006655456198,true,0.005392274708377967,boulevard,0.007135713419083106,anything,0.008410737753375775,remember,0.004088691277663545
focus,0.005248006655456198,making,0.005392274708377967,bought,0.007135713419083106,asleep,0.008410737753375775,really,0.004088691277663545
race,0.005248006655456198,pretend,0.005392274708377967,blinded,0.007135713419083106,expect,0.008410737753375775,kiss,0.004088691277663545
plan,0.005248006655456198,wondering,0.005392274708377967,wander,0.007135713419083106,exactly,0.008410737753375775,first,0.004088691277663545
fix,0.005248006655456198,help,0.005392274708377967,temporary,0.007135713419083106,admit,0.008410737753375775,hurt,0.004088691277663545
knife,0.005248006655456198,world,0.005392274708377967,promoting,0.007135713419083106,dreaming,0.008410737753375775,afraid,0.004088691277663545
nice,0.005248006655456198,loving,0.005392274708377967,bet,0.007135713419083106,dad,0.008410737753375775,felt,0.004088691277663545
probably,0.005248006655456198,break,0.004560751410978197,water,0.007135713419083106,forward,0.008410737753375775,feeling,0.004088691277663545
guy,0.005248006655456198,play,0.004560751410978197,weak,0.007135713419083106,focus,0.008410737753375775,alone,0.004088691277663545
belong,0.005248006655456198,head,0.004560751410978197,wear,0.007135713419083106,across,0.008410737753375775,poison,0.0
miss,0.005248006655456198,tonight,0.004560751410978197,hand,0.006800411355269253,chest,0.008410737753375775,playin,0.0
sheet,0.005248006655456198,kiss,0.004560751410978197,room,0.006800411355269253,convince,0.008410737753375775,safe,0.0
taking,0.005248006655456198,feeling,0.004560751410978197,leave,0.006800411355269253,cry,0.0069816721083328075,rope,0.0
dumb,0.005248006655456198,left,0.004560751410978197,show,0.006800411355269253,everybody,0.0069816721083328075,safety,0.0
came,0.005248006655456198,push,0.0,home,0.006800411355269253,quit,0.0069816721083328075,pas,0.0
crash,0.005248006655456198,usually,0.0,gone,0.006800411355269253,wanted,0.0069816721083328075,playing,0.0
next,0.005248006655456198,pulling,0.0,little,0.006800411355269253,reason,0.0069816721083328075,pointless,0.0
high,0.005248006655456198,punched,0.0,still,0.006800411355269253,closer,0.0069816721083328075,perfectly,0.0
dreaming,0.005248006655456198,pushed,0.0,face,0.006800411355269253,twice,0.0069816721083328075,rose,0.0
use,0.005248006655456198,use,0.0,ever,0.006800411355269253,control,0.0069816721083328075,popular,0.0
started,0.005248006655456198,pushing,0.0,sing,0.005757048656410987,touch,0.0069816721083328075,river,0.0
rest,0.005248006655456198,wah,0.0,forward,0.005757048656410987,begging,0.0069816721083328075,posing,0.0
track,0.005248006655456198,pulled,0.0,lock,0.005757048656410987,shake,0.0069816721083328075,posse,0.0
parent,0.005248006655456198,waited,0.0,attention,0.005757048656410987,best,0.0069816721083328075,possibly,0.0
seeing,0.005248006655456198,walked,0.0,heard,0.005757048656410987,sure,0.0069816721083328075,ripping,0.0
shoe,0.005248006655456198,problem,0.0,real,0.005757048656410987,saw,0.0069816721083328075,paris,0.0
cut,0.005248006655456198,waking,0.0,kissed,0.005757048656410987,drunk,0.0069816721083328075,paradise,0.0
laugh,0.005248006655456198,promised,0.0,pick,0.005757048656410987,people,0.0069816721083328075,ring,0.0
year,0.005248006655456198,waiting,0.0,queen,0.005757048656410987,done,0.0069816721083328075,posted,0.0
middle,0.005248006655456198,waitin,0.0,set,0.005757048656410987,whatever,0.0069816721083328075,particular,0.0
type,0.005248006655456198,waist,0.0,easily,0.005757048656410987,sleep,0.0069816721083328075,rough,0.0
getting,0.005248006655456198,view,0.0,behind,0.005757048656410987,needed,0.0069816721083328075,people,0.0
red,0.005248006655456198,promoting,0.0,carry,0.005757048656410987,pull,0.0069816721083328075,planned,0.0
yet,0.005248006655456198,propose,0.0,pushing,0.005757048656410987,losing,0.0069816721083328075,permanent,0.0
climb,0.005248006655456198,proud,0.0,anyway,0.005757048656410987,ah,0.0069816721083328075,running,0.0
bright,0.005248006655456198,prove,0.0,kept,0.005757048656410987,growing,0.0069816721083328075,rush,0.0
carry,0.005248006655456198,voice,0.0,street,0.005757048656410987,though,0.005873202677553561,patience,0.0
cross,0.005248006655456198,provoking,0.0,share,0.005757048656410987,honestly,0.005873202677553561,person,0.0
breath,0.005248006655456198,put,0.0,blame,0.005757048656410987,understand,0.005873202677553561,past,0.0
flame,0.005248006655456198,uncomfortable,0.0,usually,0.005757048656410987,truth,0.005873202677553561,photograph,0.0
describe,0.005248006655456198,queen,0.0,next,0.005757048656410987,true,0.005873202677553561,pick,0.0
fair,0.005248006655456198,reaching,0.0,drop,0.005757048656410987,saying,0.005873202677553561,pouring,0.0
mess,0.005248006655456198,twelve,0.0,brokenhearted,0.005757048656410987,changing,0.005873202677553561,ruined,0.0
space,0.005248006655456198,real,0.0,bright,0.005757048656410987,wondering,0.005873202677553561,pickin,0.0
bed,0.0043563195958686894,turn,0.0,singing,0.005757048656410987,air,0.005873202677553561,sacrifice,0.0
bout,0.0043563195958686894,realize,0.0,drink,0.005757048656410987,cold,0.005873202677553561,picture,0.0
fire,0.0043563195958686894,truce,0.0,wonder,0.005757048656410987,listen,0.005873202677553561,piece,0.0
reason,0.0043563195958686894,troubled,0.0,lung,0.005757048656410987,question,0.005873202677553561,ruin,0.0
walking,0.0043563195958686894,reap,0.0,must,0.005757048656410987,side,0.005873202677553561,pile,0.0
twice,0.0043563195958686894,trouble,0.0,grown,0.005757048656410987,dance,0.005873202677553561,plan,0.0
le,0.0043563195958686894,reason,0.0,train,0.005757048656410987,three,0.005873202677553561,plane,0.0
moving,0.0043563195958686894,tripping,0.0,leg,0.005757048656410987,care,0.005873202677553561,sad,0.0
trouble,0.0043563195958686894,tried,0.0,craving,0.005757048656410987,wait,0.0049675172069767945,ruler,0.0
star,0.0043563195958686894,reciprocate,0.0,midnight,0.005757048656410987,hurt,0.0049675172069767945,rest,0.0
anytime,0.0043563195958686894,recklessness,0.0,notice,0.005757048656410987,felt,0.0049675172069767945,power,0.0
cool,0.0043563195958686894,recognize,0.0,compared,0.005757048656410987,home,0.0049675172069767945,pray,0.0
hit,0.0043563195958686894,red,0.0,hanging,0.005757048656410987,stay,0.0049675172069767945,pushing,0.0
believe,0.0043563195958686894,ready,0.0,mile,0.005757048656410987,door,0.0049675172069767945,queen,0.0
skin,0.0043563195958686894,rather,0.0,rain,0.005757048656410987,please,0.0049675172069767945,questioning,0.0
part,0.0043563195958686894,questioning,0.0,somewhere,0.005757048656410987,play,0.0049675172069767945,remains,0.0
hope,0.0043563195958686894,rate,0.0,exactly,0.005757048656410987,try,0.0049675172069767945,quick,0.0
shake,0.0043563195958686894,upstairs,0.0,power,0.005757048656410987,kiss,0.0049675172069767945,quickly,0.0
goodbye,0.0043563195958686894,quick,0.0,track,0.005757048656410987,going,0.0049675172069767945,reject,0.0
old,0.0043563195958686894,unraveling,0.0,cool,0.004778870440306745,lately,0.0049675172069767945,regretted,0.0
secret,0.0043563195958686894,wall,0.0,wall,0.004778870440306745,day,0.0049675172069767945,reeling,0.0
morning,0.0043563195958686894,quickly,0.0,perfect,0.004778870440306745,show,0.0049675172069767945,quite,0.0
broken,0.0043563195958686894,uh,0.0,forever,0.004778870440306745,crazy,0.0049675172069767945,race,0.0
half,0.0043563195958686894,quit,0.0,foot,0.004778870440306745,give,0.0049675172069767945,reel,0.0
easy,0.0043563195958686894,quite,0.0,new,0.004778870440306745,everything,0.0049675172069767945,rain,0.0
holding,0.0043563195958686894,ugly,0.0,touch,0.004778870440306745,rest,0.0,rainbow,0.0
second,0.0043563195958686894,typical,0.0,shake,0.004778870440306745,slipping,0.0,raise,0.0
fool,0.0043563195958686894,race,0.0,walking,0.004778870440306745,callin,0.0,rate,0.0
touch,0.0043563195958686894,type,0.0,party,0.004778870440306745,sinking,0.0,rather,0.0
die,0.0043563195958686894,rain,0.0,hundred,0.004778870440306745,sipping,0.0,red,0.0
loved,0.0043563195958686894,rainbow,0.0,goodbye,0.004778870440306745,adding,0.0,recognize,0.0
late,0.0043563195958686894,raise,0.0,body,0.004778870440306745,bye,0.0,reaching,0.0
crime,0.0043563195958686894,walking,0.0,bone,0.004778870440306745,situation,0.0,ready,0.0
well,0.0043563195958686894,someday,0.0,lying,0.004778870440306745,buy,0.0,realize,0.0
inside,0.003664673378773835,wander,0.0,running,0.004778870440306745,size,0.0,reciprocate,0.0
pretend,0.003664673378773835,wanted,0.0,driving,0.004778870440306745,ski,0.0,reassure,0.0
honestly,0.003664673378773835,write,0.0,knee,0.004778870440306745,bust,0.0,reason,0.0
story,0.003664673378773835,wrapping,0.0,secret,0.004778870440306745,club,0.0,pushed,0.0
whole,0.003664673378773835,patient,0.0,star,0.004778870440306745,burnt,0.0,push,0.0
three,0.003664673378773835,pay,0.0,scared,0.004778870440306745,slam,0.0,remind,0.0
tried,0.003664673378773835,wrapped,0.0,saw,0.004778870440306745,would,0.0,probably,0.0
lose,0.003664673378773835,worth,0.0,picture,0.004778870440306745,reaching,0.0,praying,0.0
hear,0.003664673378773835,perfectly,0.0,coming,0.004778870440306745,sleeping,0.0,riding,0.0
regret,0.003664673378773835,worry,0.0,stop,0.004778870440306745,slip,0.0,prepared,0.0
lie,0.003664673378773835,perfume,0.0,whatever,0.004778870440306745,calling,0.0,pressure,0.0
understand,0.003664673378773835,permanent,0.0,well,0.004778870440306745,singin,0.0,pretend,0.0
listen,0.003664673378773835,permission,0.0,damn,0.004778870440306745,car,0.0,pretending,0.0
everyone,0.003664673378773835,worked,0.0,sleep,0.004778870440306745,wrapping,0.0,reap,0.0
ask,0.003664673378773835,work,0.0,deserve,0.004778870440306745,recklessness,0.0,pretty,0.0
truth,0.003664673378773835,photograph,0.0,free,0.004778870440306745,yet,0.0,respect,0.0
cold,0.003664673378773835,wondered,0.0,strong,0.004020136470200615,reassure,0.0,pride,0.0
caught,0.003664673378773835,wonder,0.0,seen,0.004020136470200615,shut,0.0,prison,0.0
still,0.0030995572716369614,pickin,0.0,end,0.004020136470200615,actin,0.0,problem,0.0
long,0.0030995572716369614,written,0.0,fight,0.004020136470200615,young,0.0,puppet,0.0
enough,0.0030995572716369614,past,0.0,side,0.004020136470200615,shy,0.0,promoting,0.0
friend,0.0030995572716369614,pas,0.0,wish,0.004020136470200615,reap,0.0,propose,0.0
place,0.0030995572716369614,yesterday,0.0,loving,0.004020136470200615,sincere,0.0,resist,0.0
room,0.0030995572716369614,overdosed,0.0,along,0.004020136470200615,clothes,0.0,reputation,0.0
round,0.0,overwhelmed,0.0,story,0.004020136470200615,carry,0.0,repost,0.0
plane,0.0,youth,0.0,whole,0.004020136470200615,sign,0.0,replace,0.0
ruin,0.0,pack,0.0,ya,0.004020136470200615,simple,0.0,prove,0.0
playin,0.0,young,0.0,saying,0.004020136470200615,simply,0.0,provoking,0.0
rough,0.0,yet,0.0,pretend,0.004020136470200615,realize,0.0,pulled,0.0
planned,0.0,pain,0.0,wondering,0.004020136470200615,real,0.0,pulling,0.0
pile,0.0,paint,0.0,god,0.004020136470200615,90,0.0,punched,0.0
pull,0.0,party,0.0,dance,0.004020136470200615,slow,0.0,pull,0.0
ruined,0.0,paradise,0.0,true,0.004020136470200615,shot,0.0,speed,0.0
provoking,0.0,parent,0.0,put,0.004020136470200615,burning,0.0,scary,0.0
proud,0.0,paris,0.0,sometimes,0.004020136470200615,space,0.0,tied,0.0
prove,0.0,yell,0.0,hold,0.004020136470200615,spare,0.0,til,0.0
ruler,0.0,year,0.0,tried,0.004020136470200615,speak,0.0,till,0.0
rose,0.0,parted,0.0,forget,0.004020136470200615,breaking,0.0,timeline,0.0
price,0.0,particular,0.0,changing,0.004020136470200615,speed,0.0,tired,0.0
road,0.0,woke,0.0,caught,0.004020136470200615,rather,0.0,top,0.0
posing,0.0,woah,0.0,understand,0.004020136470200615,spell,0.0,touch,0.0
posse,0.0,piece,0.0,took,0.004020136470200615,spend,0.0,touched,0.0
rain,0.0,pressure,0.0,together,0.004020136470200615,spending,0.0,tough,0.0
posted,0.0,pouring,0.0,hear,0.004020136470200615,spent,0.0,tower,0.0
remains,0.0,weather,0.0,hate,0.004020136470200615,spine,0.0,town,0.0
relationship,0.0,wearing,0.0,good,0.004020136470200615,spinning,0.0,track,0.0
rainbow,0.0,wear,0.0,nobody,0.0034002056776346267,spoken,0.0,train,0.0
prepared,0.0,weak,0.0,felt,0.0034002056776346267,rate,0.0,trapped,0.0
pouring,0.0,wave,0.0,kiss,0.0034002056776346267,stained,0.0,tripping,0.0
reject,0.0,water,0.0,mean,0.0034002056776346267,stake,0.0,troubled,0.0
power,0.0,pretending,0.0,hey,0.0034002056776346267,stand,0.0,truce,0.0
pride,0.0,posted,0.0,someone,0.0034002056776346267,sow,0.0,true,0.0
pray,0.0,watch,0.0,feeling,0.0034002056776346267,adelaide,0.0,truth,0.0
rate,0.0,reeling,0.0,place,0.0034002056776346267,bright,0.0,turning,0.0
reciprocate,0.0,pretty,0.0,remember,0.0034002056776346267,someday,0.0,twelve,0.0
reeling,0.0,price,0.0,thought,0.0034002056776346267,small,0.0,twice,0.0
rather,0.0,warning,0.0,lately,0.0034002056776346267,smell,0.0,type,0.0
reaching,0.0,war,0.0,long,0.0034002056776346267,smile,0.0,typical,0.0
ready,0.0,prison,0.0,stay,0.0034002056776346267,smoking,0.0,tightrope,0.0
recognize,0.0,well,0.0,wrong,0.0034002056776346267,sneak,0.0,tie,0.0
recklessness,0.0,whatever,0.0,rhythm,0.0,softly,0.0,uh,0.0
real,0.0,pile,0.0,resist,0.0,burn,0.0,ticket,0.0
remind,0.0,playing,0.0,quit,0.0,somehow,0.0,surprised,0.0
popular,0.0,without,0.0,rainbow,0.0,bring,0.0,sutra,0.0
river,0.0,wishlist,0.0,relationship,0.0,buck,0.0,sweet,0.0
rumor,0.0,plan,0.0,raise,0.0,brother,0.0,talking,0.0
ripping,0.0,plane,0.0,regretted,0.0,brokenhearted,0.0,taste,0.0
promoting,0.0,planned,0.0,rest,0.0,somewhere,0.0,tear,0.0
playing,0.0,winter,0.0,quite,0.0,brings,0.0,tearing,0.0
ring,0.0,playin,0.0,rose,0.0,soon,0.0,telling,0.0
puppet,0.0,winning,0.0,pretending,0.0,sore,0.0,temporary,0.0
promised,0.0,whoa,0.0,ring,0.0,shoulder,0.0,tempting,0.0
push,0.0,wind,0.0,reel,0.0,cash,0.0,ten,0.0
pointless,0.0,pointless,0.0,ripping,0.0,rhythm,0.0,tension,0.0
riding,0.0,poison,0.0,rope,0.0,accusation,0.0,testified,0.0
queen,0.0,popular,0.0,race,0.0,rumor,0.0,testify,0.0
rhythm,0.0,posing,0.0,pretty,0.0,climb,0.0,thank,0.0
question,0.0,posse,0.0,sacrifice,0.0,run,0.0,thinkin,0.0
reassure,0.0,possibly,0.0,prison,0.0,choking,0.0,thousand,0.0
problem,0.0,reel,0.0,round,0.0,running,0.0,thread,0.0
praying,0.0,reject,0.0,price,0.0,rush,0.0,threw,0.0
resist,0.0,traveling,0.0,runnin,0.0,sacrifice,0.0,thrill,0.0
questioning,0.0,stopping,0.0,reap,0.0,remains,0.0,throne,0.0
reputation,0.0,shoe,0.0,pulled,0.0,sad,0.0,throttle,0.0
repost,0.0,shot,0.0,proud,0.0,safe,0.0,thunder,0.0
quick,0.0,sucker,0.0,pulling,0.0,yesterday,0.0,ugly,0.0
poison,0.0,subtle,0.0,punched,0.0,yell,0.0,underneath,0.0
respect,0.0,stud,0.0,rumor,0.0,relationship,0.0,superman,0.0
23,0.0,shut,0.0,puppet,0.0,reject,0.0,win,0.0
run,0.0,shy,0.0,sad,0.0,checking,0.0,window,0.0
til,0.0,stuck,0.0,safe,0.0,regretted,0.0,winning,0.0
tired,0.0,stroll,0.0,ruler,0.0,acapella,0.0,winter,0.0
today,0.0,stringing,0.0,safety,0.0,christ,0.0,wishlist,0.0
tomorrow,0.0,stride,0.0,propose,0.0,remind,0.0,without,0.0
took,0.0,stressing,0.0,reassure,0.0,replace,0.0,woah,0.0
top,0.0,stressed,0.0,promised,0.0,road,0.0,woke,0.0
tough,0.0,stress,0.0,push,0.0,riding,0.0,wonder,0.0
tower,0.0,stray,0.0,reciprocate,0.0,respect,0.0,wondered,0.0
train,0.0,since,0.0,pushed,0.0,class,0.0,word,0.0
trapped,0.0,sing,0.0,probably,0.0,clap,0.0,worked,0.0
traveling,0.0,suffer,0.0,recklessness,0.0,clear,0.0,worried,0.0
treat,0.0,suffocating,0.0,replace,0.0,ripping,0.0,worry,0.0
truce,0.0,summer,0.0,ruin,0.0,river,0.0,worse,0.0
trust,0.0,shake,0.0,reputation,0.0,city,0.0,worst,0.0
tryna,0.0,serve,0.0,remind,0.0,ruined,0.0,worth,0.0
turning,0.0,sutra,0.0,recognize,0.0,rope,0.0,wrapped,0.0
ugly,0.0,settle,0.0,realize,0.0,rose,0.0,write,0.0
uh,0.0,sexy,0.0,quickly,0.0,rough,0.0,written,0.0
uncomfortable,0.0,shady,0.0,questioning,0.0,round,0.0,year,0.0
unraveling,0.0,surprised,0.0,23,0.0,reputation,0.0,yell,0.0
timeline,0.0,surfacing,0.0,scary,0.0,ruin,0.0,yesterday,0.0
tightrope,0.0,surface,0.0,treat,0.0,repost,0.0,youth,0.0
upstairs,0.0,shining,0.0,timeline,0.0,save,0.0,wind,0.0
tight,0.0,superman,0.0,tired,0.0,cheated,0.0,willing,0.0
tempting,0.0,shame,0.0,today,0.0,shining,0.0,understand,0.0
ten,0.0,share,0.0,told,0.0,regret,0.0,whatever,0.0
tension,0.0,sunrise,0.0,tomorrow,0.0,separate,0.0,upon,0.0
terrified,0.0,sunday,0.0,touched,0.0,standing,0.0,use,0.0
testified,0.0,sun,0.0,town,0.0,seriously,0.0,used,0.0
testify,0.0,shine,0.0,trapped,0.0,serve,0.0,usually,0.0
thank,0.0,singin,0.0,traveling,0.0,set,0.0,vibe,0.0
theirselves,0.0,stomp,0.0,tripping,0.0,settle,0.0,view,0.0
thinkin,0.0,regretted,0.0,scrolling,0.0,sexy,0.0,voice,0.0
thousand,0.0,singing,0.0,troubled,0.0,red,0.0,wah,0.0
thrill,0.0,ski,0.0,truce,0.0,shady,0.0,waited,0.0
throne,0.0,specific,0.0,trying,0.0,written,0.0,waitin,0.0
throttle,0.0,sky,0.0,tryna,0.0,climbing,0.0,waiting,0.0
throw,0.0,sleep,0.0,turning,0.0,shaking,0.0,waking,0.0
throwin,0.0,sleeping,0.0,twelve,0.0,shame,0.0,walked,0.0
throwing,0.0,spare,0.0,twice,0.0,share,0.0,wall,0.0
ticket,0.0,slipping,0.0,two,0.0,shawn,0.0,wander,0.0
tied,0.0,sow,0.0,typical,0.0,sheet,0.0,wasted,0.0
tiffany,0.0,sound,0.0,til,0.0,shine,0.0,water,0.0
upon,0.0,sore,0.0,tightrope,0.0,sense,0.0,wave,0.0
usually,0.0,soon,0.0,tiffany,0.0,sell,0.0,weak,0.0
runnin,0.0,outside,0.0,tie,0.0,casino,0.0,wear,0.0
willing,0.0,smell,0.0,talking,0.0,searching,0.0,wearing,0.0
winning,0.0,somewhere,0.0,taste,0.0,scared,0.0,week,0.0
winter,0.0,smoking,0.0,tear,0.0,scary,0.0,weight,0.0
wish,0.0,sneak,0.0,tearing,0.0,aching,0.0,surfacing,0.0
wishlist,0.0,somehow,0.0,television,0.0,scream,0.0,sunrise,0.0
woke,0.0,size,0.0,telling,0.0,screaming,0.0,scream,0.0
wondered,0.0,speed,0.0,tension,0.0,reeling,0.0,shoulder,0.0
wondering,0.0,six,0.0,terrified,0.0,seam,0.0,side,0.0
worried,0.0,standard,0.0,testified,0.0,second,0.0,sight,0.0
worry,0.0,stitch,0.0,testify,0.0,seen,0.0,simple,0.0
worst,0.0,step,0.0,theirselves,0.0,secret,0.0,simply,0.0
worth,0.0,staying,0.0,thinkin,0.0,reel,0.0,since,0.0
wrapped,0.0,started,0.0,though,0.0,section,0.0,sincere,0.0
wrapping,0.0,single,0.0,thread,0.0,changed,0.0,sing,0.0
write,0.0,star,0.0,three,0.0,chance,0.0,singin,0.0
written,0.0,standing,0.0,threw,0.0,champagne,0.0,singing,0.0
ya,0.0,stake,0.0,throwin,0.0,cent,0.0,sinking,0.0
yesterday,0.0,spell,0.0,throwing,0.0,standard,0.0,sipping,0.0
young,0.0,sipping,0.0,thunder,0.0,winning,0.0,six,0.0
youth,0.0,stained,0.0,ugly,0.0,brain,0.0,size,0.0
window,0.0,spinning,0.0,uncomfortable,0.0,twelve,0.0,ski,0.0
wild,0.0,spine,0.0,underneath,0.0,trouble,0.0,skin,0.0
vibe,0.0,spent,0.0,wild,0.0,troubled,0.0,sky,0.0
whoa,0.0,sister,0.0,win,0.0,wonder,0.0,slam,0.0
view,0.0,spend,0.0,wind,0.0,trust,0.0,sleeping,0.0
voice,0.0,sweet,0.0,window,0.0,asking,0.0,slipping,0.0
waist,0.0,taking,0.0,winter,0.0,tryna,0.0,slowly,0.0
waitin,0.0,seriously,0.0,woke,0.0,ashamed,0.0,small,0.0
waiting,0.0,television,0.0,work,0.0,turning,0.0,smell,0.0
wake,0.0,today,0.0,worked,0.0,aftertaste,0.0,smile,0.0
waking,0.0,timeline,0.0,worried,0.0,astrid,0.0,shut,0.0
walked,0.0,till,0.0,worse,0.0,two,0.0,shot,0.0
wander,0.0,river,0.0,worst,0.0,type,0.0,sneak,0.0
wanted,0.0,road,0.0,worth,0.0,typical,0.0,shoe,0.0
war,0.0,tightrope,0.0,wrapped,0.0,apology,0.0,screaming,0.0
warning,0.0,rope,0.0,wrapping,0.0,apologize,0.0,scrolling,0.0
wasted,0.0,tight,0.0,write,0.0,uncomfortable,0.0,seam,0.0
water,0.0,rough,0.0,year,0.0,apart,0.0,searching,0.0
weak,0.0,round,0.0,yell,0.0,unraveling,0.0,second,0.0
wear,0.0,tiffany,0.0,yet,0.0,tripping,0.0,secret,0.0
wearing,0.0,ruined,0.0,young,0.0,attached,0.0,section,0.0
weather,0.0,ruler,0.0,youth,0.0,upstairs,0.0,seeing,0.0
week,0.0,tied,0.0,willing,0.0,awake,0.0,seem,0.0
temporary,0.0,rumor,0.0,weight,0.0,bear,0.0,seems,0.0
television,0.0,tie,0.0,unraveling,0.0,battery,0.0,self,0.0
tear,0.0,run,0.0,week,0.0,barely,0.0,sell,0.0
share,0.0,ring,0.0,upon,0.0,bank,0.0,sense,0.0
sight,0.0,together,0.0,upstairs,0.0,ay,0.0,set,0.0
sign,0.0,riding,0.0,use,0.0,awoken,0.0,settle,0.0
simple,0.0,touched,0.0,vibe,0.0,afternoon,0.0,sexy,0.0
simply,0.0,trapped,0.0,wah,0.0,awkward,0.0,shake,0.0
since,0.0,track,0.0,waist,0.0,top,0.0,shaking,0.0
sincere,0.0,town,0.0,waited,0.0,traveling,0.0,shame,0.0
sing,0.0,tower,0.0,waitin,0.0,wondered,0.0,shawn,0.0
singing,0.0,relationship,0.0,wake,0.0,touched,0.0,sheet,0.0
single,0.0,remains,0.0,waking,0.0,tough,0.0,shine,0.0
sinking,0.0,tough,0.0,walked,0.0,tower,0.0,shining,0.0
sipping,0.0,touch,0.0,war,0.0,town,0.0,smoking,0.0
sister,0.0,told,0.0,warning,0.0,track,0.0,softly,0.0
situation,0.0,replace,0.0,waste,0.0,train,0.0,sunday,0.0
six,0.0,repost,0.0,wasted,0.0,attention,0.0,star,0.0
size,0.0,top,0.0,wasting,0.0,upon,0.0,started,0.0
ski,0.0,resist,0.0,watch,0.0,anywhere,0.0,step,0.0
sky,0.0,respect,0.0,wave,0.0,till,0.0,stitch,0.0
slam,0.0,tomorrow,0.0,weather,0.0,weather,0.0,stomp,0.0
sleep,0.0,rhythm,0.0,taking,0.0,wasting,0.0,stop,0.0
shy,0.0,runnin,0.0,sweet,0.0,watch,0.0,stray,0.0
shame,0.0,ticket,0.0,swear,0.0,water,0.0,street,0.0
taste,0.0,rush,0.0,shy,0.0,wave,0.0,stress,0.0
shady,0.0,ten,0.0,sign,0.0,alive,0.0,stressed,0.0
rush,0.0,searching,0.0,simple,0.0,weak,0.0,stride,0.0
sacrifice,0.0,thinkin,0.0,simply,0.0,wear,0.0,string,0.0
safety,0.0,theirselves,0.0,since,0.0,wearing,0.0,stringing,0.0
save,0.0,thank,0.0,sincere,0.0,week,0.0,stroll,0.0
saw,0.0,terrified,0.0,singin,0.0,almost,0.0,strong,0.0
saying,0.0,section,0.0,sinking,0.0,weight,0.0,stuck,0.0
scared,0.0,tension,0.0,sister,0.0,well,0.0,stud,0.0
scream,0.0,seeing,0.0,situation,0.0,whoa,0.0,stumbled,0.0
screaming,0.0,scrolling,0.0,six,0.0,whole,0.0,subtle,0.0
scrolling,0.0,tempting,0.0,skin,0.0,wild,0.0,sucker,0.0
section,0.0,temporary,0.0,sky,0.0,willing,0.0,suffer,0.0
seems,0.0,telling,0.0,slam,0.0,win,0.0,suffocating,0.0
self,0.0,self,0.0,sleeping,0.0,wind,0.0,summer,0.0
sell,0.0,sell,0.0,slip,0.0,wasted,0.0,sun,0.0
separate,0.0,sense,0.0,slipping,0.0,already,0.0,staring,0.0
seriously,0.0,separate,0.0,slow,0.0,used,0.0,standard,0.0
serve,0.0,seam,0.0,slowly,0.0,anyone,0.0,someday,0.0
set,0.0,screaming,0.0,small,0.0,anyway,0.0,stand,0.0
sexy,0.0,thunder,0.0,sight,0.0,vibe,0.0,somehow,0.0
slip,0.0,save,0.0,shut,0.0,view,0.0,sometimes,0.0
slowly,0.0,throwing,0.0,sneak,0.0,voice,0.0,song,0.0
small,0.0,throwin,0.0,shoulder,0.0,woah,0.0,soon,0.0
smoking,0.0,sad,0.0,seam,0.0,wah,0.0,sore,0.0
stride,0.0,safe,0.0,searching,0.0,waist,0.0,sorry,0.0
stroll,0.0,safety,0.0,seeing,0.0,waited,0.0,soul,0.0
stuck,0.0,throw,0.0,seem,0.0,waiting,0.0,sound,0.0
stud,0.0,throttle,0.0,seems,0.0,war,0.0,sow,0.0
stumbled,0.0,saw,0.0,self,0.0,anymore,0.0,space,0.0
subtle,0.0,thinking,0.0,sense,0.0,anthem,0.0,spare,0.0
sucker,0.0,throne,0.0,separate,0.0,answered,0.0,speak,0.0
suffer,0.0,thrill,0.0,seriously,0.0,walking,0.0,specific,0.0
sunday,0.0,threw,0.0,serve,0.0,another,0.0,pain,0.0
sunrise,0.0,thread,0.0,settle,0.0,wander,0.0,spell,0.0
superman,0.0,thousand,0.0,shady,0.0,alright,0.0,spend,0.0
supposed,0.0,scary,0.0,shaking,0.0,wishlist,0.0,spending,0.0
sure,0.0,scream,0.0,shawn,0.0,beating,0.0,spent,0.0
surface,0.0,outta,0.0,sheet,0.0,til,0.0,spine,0.0
surprised,0.0,23,0.0,shine,0.0,boyfriend,0.0,spinning,0.0
sutra,0.0,ordinary,0.0,shining,0.0,body,0.0,spoken,0.0
swear,0.0,cozy,0.0,shoe,0.0,bone,0.0,stained,0.0
sweet,0.0,craving,0.0,shot,0.0,stud,0.0,stake,0.0
talking,0.0,crawling,0.0,smell,0.0,stumbled,0.0,paint,0.0
stressing,0.0,creepin,0.0,softly,0.0,raise,0.0,lot,0.0
stressed,0.0,crowd,0.0,surprised,0.0,subtle,0.0,pack,0.0
stress,0.0,crowned,0.0,staring,0.0,sucker,0.0,daily,0.0
spell,0.0,cruel,0.0,staying,0.0,suffer,0.0,dangerously,0.0
softly,0.0,cup,0.0,stitch,0.0,suffocating,0.0,dark,0.0
somebody,0.0,curse,0.0,stomp,0.0,worry,0.0,darkest,0.0
somewhere,0.0,cut,0.0,stopping,0.0,stroll,0.0,darkness,0.0
song,0.0,daily,0.0,stress,0.0,sun,0.0,darling,0.0
soul,0.0,dance,0.0,stressed,0.0,blue,0.0,dawn,0.0
speak,0.0,dangerously,0.0,stressing,0.0,blow,0.0,daybreak,0.0
specific,0.0,dare,0.0,string,0.0,superman,0.0,dead,0.0
speed,0.0,darkest,0.0,stringing,0.0,supposed,0.0,dear,0.0
spending,0.0,darkness,0.0,stuck,0.0,surface,0.0,decide,0.0
street,0.0,dawn,0.0,stumbled,0.0,surfacing,0.0,decision,0.0
spine,0.0,daybreak,0.0,suffocating,0.0,blinded,0.0,deep,0.0
pick,0.0,dear,0.0,summer,0.0,born,0.0,deeper,0.0
spoken,0.0,deeper,0.0,sunday,0.0,stringing,0.0,defense,0.0
staring,0.0,defense,0.0,sunrise,0.0,swear,0.0,describe,0.0
staying,0.0,deleted,0.0,supposed,0.0,stop,0.0,deserves,0.0
step,0.0,describe,0.0,sure,0.0,start,0.0,detonate,0.0
stopping,0.0,detonate,0.0,surface,0.0,boy,0.0,detonator,0.0
stray,0.0,detonator,0.0,surfacing,0.0,boulevard,0.0,devastation,0.0
pickin,0.0,devastation,0.0,started,0.0,step,0.0,diamond,0.0
lot,0.0,crash,0.0,standing,0.0,bought,0.0,dipping,0.0
photograph,0.0,couple,0.0,someday,0.0,stitch,0.0,dirty,0.0
devastation,0.0,differently,0.0,standard,0.0,stomp,0.0,disappointment,0.0
daybreak,0.0,country,0.0,somehow,0.0,window,0.0,discovering,0.0
dear,0.0,climbing,0.0,something,0.0,stopping,0.0,dm,0.0
decide,0.0,club,0.0,sore,0.0,string,0.0,damn,0.0
decision,0.0,coast,0.0,soul,0.0,story,0.0,dad,0.0
deep,0.0,comfortable,0.0,sound,0.0,stray,0.0,confessing,0.0
deleted,0.0,coming,0.0,sow,0.0,street,0.0,cut,0.0
deny,0.0,compared,0.0,space,0.0,bottle,0.0,connected,0.0
deserve,0.0,competition,0.0,spare,0.0,bother,0.0,conscious,0.0
deserves,0.0,complete,0.0,speak,0.0,stressing,0.0,consequence,0.0
detonate,0.0,completely,0.0,specific,0.0,worse,0.0,considered,0.0
detonator,0.0,complicated,0.0,spend,0.0,stride,0.0,consuming,0.0
diamond,0.0,complied,0.0,spending,0.0,sutra,0.0,control,0.0
confession,0.0,conceited,0.0,spent,0.0,bleed,0.0,conversation,0.0
different,0.0,confront,0.0,spinning,0.0,beg,0.0,cool,0.0
differently,0.0,connected,0.0,spoken,0.0,throw,0.0,cooler,0.0
dipping,0.0,conscious,0.0,stained,0.0,behind,0.0,cop,0.0
dirt,0.0,considered,0.0,stake,0.0,worked,0.0,coping,0.0
disappointment,0.0,conversation,0.0,stand,0.0,thousand,0.0,corner,0.0
discovering,0.0,convince,0.0,prepared,0.0,thread,0.0,cost,0.0
dm,0.0,cool,0.0,pressure,0.0,threw,0.0,couch,0.0
dog,0.0,cooler,0.0,lot,0.0,thrill,0.0,country,0.0
doin,0.0,cop,0.0,praying,0.0,throne,0.0,cozy,0.0
done,0.0,coping,0.0,decision,0.0,throttle,0.0,crash,0.0
dress,0.0,corner,0.0,curse,0.0,throwin,0.0,craving,0.0
dawn,0.0,cost,0.0,cut,0.0,belong,0.0,crawling,0.0
darkest,0.0,couch,0.0,dad,0.0,work,0.0,crime,0.0
dark,0.0,diamond,0.0,dare,0.0,throwing,0.0,cross,0.0
dare,0.0,dipping,0.0,dark,0.0,thunder,0.0,crowd,0.0
connected,0.0,clear,0.0,darkness,0.0,ticket,0.0,crowned,0.0
conscious,0.0,everywhere,0.0,daybreak,0.0,tie,0.0,cruel,0.0
consequence,0.0,excited,0.0,dead,0.0,tied,0.0,curse,0.0
considered,0.0,excuse,0.0,dear,0.0,tiffany,0.0,doe,0.0
consuming,0.0,expect,0.0,decide,0.0,tight,0.0,dog,0.0
conversation,0.0,expecting,0.0,deep,0.0,believed,0.0,drawn,0.0
convince,0.0,explain,0.0,cry,0.0,beside,0.0,dream,0.0
cooler,0.0,explosion,0.0,deeper,0.0,blame,0.0,familiar,0.0
cop,0.0,express,0.0,defense,0.0,bigger,0.0,fan,0.0
coping,0.0,ey,0.0,deleted,0.0,black,0.0,far,0.0
couch,0.0,eye,0.0,deny,0.0,taking,0.0,fast,0.0
country,0.0,facing,0.0,deserves,0.0,bitter,0.0,favorite,0.0
couple,0.0,fact,0.0,devastation,0.0,birthday,0.0,feel,0.0
crawling,0.0,fading,0.0,die,0.0,biggest,0.0,figure,0.0
creepin,0.0,fair,0.0,differently,0.0,tear,0.0,figured,0.0
crowned,0.0,faith,0.0,dirt,0.0,tearing,0.0,fill,0.0
cruel,0.0,fake,0.0,dirty,0.0,television,0.0,filled,0.0
cry,0.0,falling,0.0,cup,0.0,big,0.0,finally,0.0
cup,0.0,familiar,0.0,crowned,0.0,theirselves,0.0,fine,0.0
curse,0.0,family,0.0,discovering,0.0,temporary,0.0,finger,0.0
dad,0.0,famous,0.0,control,0.0,tempting,0.0,fire,0.0
daily,0.0,fast,0.0,complicated,0.0,bet,0.0,fit,0.0
dangerously,0.0,faster,0.0,complied,0.0,world,0.0,fix,0.0
drink,0.0,father,0.0,conceited,0.0,terrified,0.0,flame,0.0
drive,0.0,favorite,0.0,confessing,0.0,testified,0.0,flash,0.0
driving,0.0,feelin,0.0,confession,0.0,testify,0.0,flew,0.0
fake,0.0,fell,0.0,confront,0.0,thank,0.0,flight,0.0
family,0.0,exactly,0.0,connected,0.0,worst,0.0,flipped,0.0
famous,0.0,eternity,0.0,conscious,0.0,fucking,0.0,floor,0.0
fan,0.0,dirt,0.0,consequence,0.0,coast,0.0,fly,0.0
fast,0.0,erase,0.0,consuming,0.0,killing,0.0,flying,0.0
faster,0.0,dirty,0.0,conversation,0.0,karaoke,0.0,focus,0.0
father,0.0,disappointment,0.0,crowd,0.0,karma,0.0,falling,0.0
fault,0.0,dm,0.0,convince,0.0,everywhere,0.0,fake,0.0
favorite,0.0,doe,0.0,cooler,0.0,keeping,0.0,fading,0.0
fell,0.0,dog,0.0,corner,0.0,kept,0.0,electrified,0.0
fight,0.0,doin,0.0,cost,0.0,key,0.0,dreaming,0.0
figure,0.0,done,0.0,couch,0.0,kid,0.0,dressed,0.0
figured,0.0,drawn,0.0,country,0.0,kilimanjaro,0.0,drink,0.0
fill,0.0,dream,0.0,cozy,0.0,kill,0.0,drive,0.0
filled,0.0,dreaming,0.0,crawling,0.0,kils,0.0,drop,0.0
finally,0.0,dress,0.0,creepin,0.0,judge,0.0,drownin,0.0
find,0.0,dressed,0.0,cross,0.0,everyone,0.0,dry,0.0
finger,0.0,drink,0.0,disappointment,0.0,kinda,0.0,ease,0.0
fit,0.0,drownin,0.0,doin,0.0,king,0.0,easier,0.0
flash,0.0,drunk,0.0,pray,0.0,kissed,0.0,easily,0.0
flight,0.0,dry,0.0,feelin,0.0,knee,0.0,easy,0.0
flipped,0.0,dumb,0.0,falling,0.0,everyday,0.0,emotion,0.0
floor,0.0,dying,0.0,familiar,0.0,knock,0.0,fact,0.0
fly,0.0,ease,0.0,family,0.0,eternity,0.0,erase,0.0
familiar,0.0,east,0.0,famous,0.0,end,0.0,eternity,0.0
faith,0.0,either,0.0,fan,0.0,kama,0.0,everyday,0.0
drop,0.0,electrified,0.0,fast,0.0,excuse,0.0,everywhere,0.0
fading,0.0,em,0.0,faster,0.0,coming,0.0,exactly,0.0
drownin,0.0,emotion,0.0,father,0.0,facing,0.0,excited,0.0
drunk,0.0,encore,0.0,fault,0.0,faith,0.0,expecting,0.0
dry,0.0,climb,0.0,favorite,0.0,ignore,0.0,explosion,0.0
ease,0.0,class,0.0,fell,0.0,ignored,0.0,express,0.0
easier,0.0,filled,0.0,fair,0.0,imagination,0.0,ey,0.0
easily,0.0,argue,0.0,figure,0.0,immature,0.0,facing,0.0
east,0.0,ashamed,0.0,fill,0.0,fair,0.0,confession,0.0
either,0.0,asked,0.0,filled,0.0,inch,0.0,conceited,0.0
electrified,0.0,askin,0.0,finally,0.0,fading,0.0,overwhelmed,0.0
em,0.0,asleep,0.0,fine,0.0,inhibition,0.0,asleep,0.0
emotion,0.0,astrid,0.0,finger,0.0,insane,0.0,attached,0.0
empty,0.0,attached,0.0,fit,0.0,jet,0.0,awake,0.0
encore,0.0,attention,0.0,fix,0.0,ey,0.0,awkward,0.0
everybody,0.0,awake,0.0,flame,0.0,express,0.0,awoken,0.0
exactly,0.0,awoken,0.0,flew,0.0,instagram,0.0,ay,0.0
excited,0.0,ay,0.0,faith,0.0,instead,0.0,bad,0.0
excuse,0.0,bank,0.0,fact,0.0,explosion,0.0,bank,0.0
expect,0.0,barely,0.0,drawn,0.0,intention,0.0,barely,0.0
explain,0.0,bathroom,0.0,empty,0.0,explain,0.0,bathroom,0.0
explosion,0.0,battery,0.0,dream,0.0,intertwined,0.0,bear,0.0
express,0.0,bear,0.0,dreaming,0.0,expecting,0.0,beating,0.0
facing,0.0,beating,0.0,dressed,0.0,known,0.0,beautiful,0.0
fact,0.0,bed,0.0,drownin,0.0,la,0.0,begging,0.0
confront,0.0,beg,0.0,dumb,0.0,lady,0.0,behind,0.0
confessing,0.0,believe,0.0,ease,0.0,easier,0.0,belong,0.0
follow,0.0,believed,0.0,easier,0.0,lift,0.0,best,0.0
battery,0.0,beside,0.0,east,0.0,light,0.0,bet,0.0
asked,0.0,bet,0.0,either,0.0,lighted,0.0,big,0.0
askin,0.0,big,0.0,em,0.0,lightin,0.0,bit,0.0
asking,0.0,bigger,0.0,encore,0.0,limelight,0.0,bitter,0.0
attention,0.0,biggest,0.0,ey,0.0,limousine,0.0,black,0.0
awkward,0.0,arm,0.0,erase,0.0,east,0.0,bleed,0.0
awoken,0.0,appear,0.0,eternity,0.0,easily,0.0,blind,0.0
ay,0.0,bitter,0.0,everybody,0.0,list,0.0,blinded,0.0
babe,0.0,apology,0.0,everyday,0.0,dumb,0.0,block,0.0
bad,0.0,90,0.0,everywhere,0.0,last,0.0,astrid,0.0
bank,0.0,acapella,0.0,excited,0.0,lived,0.0,askin,0.0
bathroom,0.0,accusation,0.0,excuse,0.0,living,0.0,complicate,0.0
beg,0.0,aching,0.0,expect,0.0,lock,0.0,asked,0.0
conceited,0.0,act,0.0,expecting,0.0,lonely,0.0,acapella,0.0
behind,0.0,actin,0.0,explain,0.0,dry,0.0,aching,0.0
believed,0.0,acting,0.0,complicate,0.0,longer,0.0,across,0.0
beside,0.0,adding,0.0,complete,0.0,looked,0.0,act,0.0
bet,0.0,admit,0.0,competition,0.0,drop,0.0,acting,0.0
bigger,0.0,adrenaline,0.0,attached,0.0,driving,0.0,adelaide,0.0
biggest,0.0,afternoon,0.0,apologize,0.0,lifeline,0.0,adrenaline,0.0
birthday,0.0,aftertaste,0.0,apology,0.0,life,0.0,aftertaste,0.0
blame,0.0,ah,0.0,appear,0.0,lied,0.0,ahead,0.0
blind,0.0,alive,0.0,argue,0.0,lie,0.0,air,0.0
blinded,0.0,almost,0.0,ask,0.0,encore,0.0,alive,0.0
block,0.0,along,0.0,asked,0.0,empty,0.0,almost,0.0
ashamed,0.0,another,0.0,askin,0.0,emotion,0.0,answer,0.0
argue,0.0,answer,0.0,asking,0.0,lawn,0.0,answered,0.0
appear,0.0,answered,0.0,asleep,0.0,lay,0.0,anthem,0.0
apology,0.0,anthem,0.0,astrid,0.0,em,0.0,anyone,0.0
90,0.0,anxious,0.0,awake,0.0,else,0.0,anything,0.0
acapella,0.0,anything,0.0,apart,0.0,lead,0.0,anytime,0.0
accusation,0.0,anywhere,0.0,awkward,0.0,lean,0.0,anyway,0.0
across,0.0,apartment,0.0,bad,0.0,learning,0.0,anywhere,0.0
act,0.0,apologize,0.0,barely,0.0,least,0.0,apartment,0.0
actin,0.0,birthday,0.0,bathroom,0.0,leather,0.0,appear,0.0
acting,0.0,black,0.0,battery,0.0,electrified,0.0,argue,0.0
adding,0.0,clap,0.0,bear,0.0,leaving,0.0,arm,0.0
adelaide,0.0,burnt,0.0,beating,0.0,either,0.0,ashamed,0.0
admit,0.0,buy,0.0,bed,0.0,leg,0.0,blood,0.0
adrenaline,0.0,bye,0.0,beg,0.0,easy,0.0,blow,0.0
afternoon,0.0,caf√©,0.0,begging,0.0,letting,0.0,blue,0.0
ahead,0.0,call,0.0,apartment,0.0,liar,0.0,bone,0.0
almost,0.0,callin,0.0,anytime,0.0,hypnotized,0.0,casino,0.0
already,0.0,came,0.0,comfortable,0.0,hurting,0.0,caving,0.0
answer,0.0,car,0.0,afternoon,0.0,hurricane,0.0,ceiling,0.0
answered,0.0,carry,0.0,90,0.0,fool,0.0,cent,0.0
anxious,0.0,cash,0.0,accusation,0.0,gorgeous,0.0,champagne,0.0
anyone,0.0,casino,0.0,aching,0.0,foolish,0.0,changed,0.0
anyway,0.0,caught,0.0,across,0.0,grabbing,0.0,chase,0.0
anywhere,0.0,caving,0.0,actin,0.0,gray,0.0,checking,0.0
apartment,0.0,ceiling,0.0,acting,0.0,green,0.0,cheer,0.0
apologize,0.0,cent,0.0,adding,0.0,grew,0.0,chest,0.0
blood,0.0,champagne,0.0,adelaide,0.0,greyhound,0.0,chill,0.0
blow,0.0,chance,0.0,admit,0.0,ground,0.0,choking,0.0
blue,0.0,changed,0.0,adrenaline,0.0,grow,0.0,christ,0.0
champagne,0.0,chase,0.0,aftertaste,0.0,follower,0.0,clap,0.0
changed,0.0,cheated,0.0,anything,0.0,happens,0.0,class,0.0
changing,0.0,checking,0.0,ah,0.0,guessing,0.0,clear,0.0
chase,0.0,cheer,0.0,ahead,0.0,guy,0.0,climb,0.0
cheated,0.0,chill,0.0,alive,0.0,ha,0.0,climbing,0.0
checking,0.0,choking,0.0,already,0.0,followed,0.0,closer,0.0
cheer,0.0,christ,0.0,alright,0.0,follow,0.0,club,0.0
chest,0.0,city,0.0,another,0.0,fog,0.0,cold,0.0
chill,0.0,bust,0.0,answer,0.0,hang,0.0,comfortable,0.0
choking,0.0,burning,0.0,anthem,0.0,hanging,0.0,compared,0.0
christ,0.0,blame,0.0,anxious,0.0,happened,0.0,complete,0.0
city,0.0,burn,0.0,anyone,0.0,goodbye,0.0,completely,0.0
class,0.0,bleed,0.0,believe,0.0,foot,0.0,cash,0.0
climbing,0.0,blind,0.0,believed,0.0,forgetting,0.0,carry,0.0
closer,0.0,blinded,0.0,belong,0.0,gon,0.0,care,0.0
clothes,0.0,block,0.0,chase,0.0,fun,0.0,bringing,0.0
coast,0.0,blood,0.0,burnt,0.0,funny,0.0,bother,0.0
comfortable,0.0,blow,0.0,bust,0.0,fuck,0.0,bottle,0.0
compared,0.0,blue,0.0,bye,0.0,gasoline,0.0,bought,0.0
competition,0.0,born,0.0,caf√©,0.0,gave,0.0,boulevard,0.0
completely,0.0,bother,0.0,callin,0.0,gaye,0.0,brain,0.0
complicate,0.0,bottle,0.0,calling,0.0,gentleman,0.0,breakfast,0.0
complicated,0.0,bought,0.0,came,0.0,gently,0.0,breaking,0.0
complied,0.0,boulevard,0.0,caving,0.0,front,0.0,breath,0.0
chance,0.0,bout,0.0,ceiling,0.0,friday,0.0,breathe,0.0
ceiling,0.0,boy,0.0,cent,0.0,gettin,0.0,bright,0.0
body,0.0,boyfriend,0.0,cheated,0.0,getting,0.0,bring,0.0
caving,0.0,brain,0.0,beside,0.0,given,0.0,brings,0.0
born,0.0,breakfast,0.0,cheer,0.0,forgiveness,0.0,car,0.0
bother,0.0,breath,0.0,chest,0.0,glad,0.0,broken,0.0
bottle,0.0,bright,0.0,chill,0.0,gladly,0.0,brush,0.0
bought,0.0,bring,0.0,city,0.0,forgive,0.0,buck,0.0
boulevard,0.0,bringing,0.0,clap,0.0,god,0.0,burn,0.0
boy,0.0,brings,0.0,clear,0.0,goin,0.0,burning,0.0
boyfriend,0.0,brokenhearted,0.0,close,0.0,happening,0.0,burnt,0.0
brain,0.0,brush,0.0,clothes,0.0,happier,0.0,bust,0.0
breakfast,0.0,buck,0.0,club,0.0,fake,0.0,buy,0.0
breaking,0.0,figured,0.0,coast,0.0,hole,0.0,caf√©,0.0
bringing,0.0,finally,0.0,burning,0.0,higher,0.0,calling,0.0
brokenhearted,0.0,opposite,0.0,brush,0.0,highlight,0.0,came,0.0
brother,0.0,limousine,0.0,brother,0.0,feelin,0.0,fog,0.0
brush,0.0,list,0.0,broken,0.0,hitting,0.0,follow,0.0
buck,0.0,live,0.0,best,0.0,hmm,0.0,followed,0.0
burn,0.0,lived,0.0,big,0.0,ho,0.0,lip,0.0
buy,0.0,lock,0.0,bigger,0.0,hold,0.0,living,0.0
bye,0.0,longer,0.0,biggest,0.0,holdin,0.0,lonely,0.0
caf√©,0.0,looked,0.0,birthday,0.0,holding,0.0,longer,0.0
callin,0.0,lookin,0.0,bit,0.0,fault,0.0,lookin,0.0
car,0.0,looking,0.0,bitter,0.0,happiness,0.0,lord,0.0
cash,0.0,lord,0.0,bleed,0.0,father,0.0,losing,0.0
casino,0.0,lose,0.0,blind,0.0,faster,0.0,lost,0.0
flying,0.0,25,0.0,block,0.0,far,0.0,25,0.0
followed,0.0,lotto,0.0,blood,0.0,fan,0.0,lotto,0.0
person,0.0,loud,0.0,born,0.0,hosting,0.0,loud,0.0
matter,0.0,loved,0.0,bout,0.0,famous,0.0,lovin,0.0
lure,0.0,lover,0.0,boy,0.0,family,0.0,lower,0.0
lying,0.0,lovin,0.0,boyfriend,0.0,house,0.0,luck,0.0
mad,0.0,lower,0.0,breakfast,0.0,huh,0.0,lung,0.0
made,0.0,luck,0.0,breaking,0.0,high,0.0,lure,0.0
magic,0.0,lured,0.0,breath,0.0,hide,0.0,lured,0.0
man,0.0,mad,0.0,bring,0.0,figure,0.0,lying,0.0
manipulate,0.0,made,0.0,bringing,0.0,figured,0.0,mad,0.0
many,0.0,magic,0.0,brings,0.0,flying,0.0,magic,0.0
marvin,0.0,marvin,0.0,flight,0.0,harder,0.0,manipulate,0.0
mask,0.0,mask,0.0,flipped,0.0,harm,0.0,marvin,0.0
masterpiece,0.0,masterpiece,0.0,floor,0.0,flipped,0.0,mask,0.0
meant,0.0,line,0.0,miss,0.0,flew,0.0,masterpiece,0.0
laying,0.0,limelight,0.0,meet,0.0,headed,0.0,may,0.0
medicine,0.0,medal,0.0,memory,0.0,flash,0.0,meant,0.0
meet,0.0,lightin,0.0,men,0.0,healing,0.0,live,0.0
men,0.0,king,0.0,mess,0.0,flame,0.0,line,0.0
mercy,0.0,knee,0.0,messin,0.0,fix,0.0,follower,0.0
messin,0.0,knew,0.0,messing,0.0,fire,0.0,limousine,0.0
messing,0.0,knife,0.0,mhm,0.0,heartbreak,0.0,knock,0.0
mhm,0.0,knock,0.0,middle,0.0,hearted,0.0,knowing,0.0
midnight,0.0,knowing,0.0,mine,0.0,heat,0.0,known,0.0
mile,0.0,known,0.0,minute,0.0,heather,0.0,lady,0.0
million,0.0,la,0.0,mistake,0.0,heavy,0.0,last,0.0
mind,0.0,laugh,0.0,medal,0.0,fine,0.0,late,0.0
lung,0.0,laughin,0.0,mmh,0.0,fill,0.0,laugh,0.0
luck,0.0,lawn,0.0,mmm,0.0,hesitation,0.0,laughin,0.0
loving,0.0,lay,0.0,morning,0.0,lord,0.0,lawn,0.0
lovin,0.0,laying,0.0,moth,0.0,drive,0.0,lay,0.0
learning,0.0,le,0.0,mother,0.0,dressed,0.0,laying,0.0
least,0.0,lead,0.0,motion,0.0,cop,0.0,le,0.0
leather,0.0,lean,0.0,mouth,0.0,parted,0.0,lead,0.0
leaving,0.0,least,0.0,movie,0.0,coping,0.0,lean,0.0
leg,0.0,leather,0.0,muse,0.0,party,0.0,learning,0.0
letting,0.0,leaving,0.0,mutual,0.0,pas,0.0,leather,0.0
liar,0.0,leg,0.0,medicine,0.0,past,0.0,letting,0.0
lifeline,0.0,liar,0.0,meant,0.0,patience,0.0,liar,0.0
lighted,0.0,lied,0.0,least,0.0,patient,0.0,lied,0.0
limelight,0.0,lifeline,0.0,lookin,0.0,pay,0.0,lifeline,0.0
limousine,0.0,lift,0.0,letting,0.0,perfect,0.0,lift,0.0
line,0.0,lighted,0.0,lied,0.0,perfume,0.0,light,0.0
lip,0.0,may,0.0,lift,0.0,plane,0.0,lighted,0.0
list,0.0,medicine,0.0,lightin,0.0,permanent,0.0,lightin,0.0
live,0.0,kind,0.0,list,0.0,permission,0.0,limelight,0.0
lived,0.0,nah,0.0,listen,0.0,person,0.0,medal,0.0
living,0.0,needed,0.0,live,0.0,photograph,0.0,medicine,0.0
lock,0.0,needing,0.0,lived,0.0,pick,0.0,meet,0.0
lonely,0.0,needle,0.0,living,0.0,picture,0.0,memory,0.0
looked,0.0,neither,0.0,looked,0.0,piece,0.0,needing,0.0
lookin,0.0,nervous,0.0,25,0.0,pile,0.0,needle,0.0
lord,0.0,net,0.0,may,0.0,consuming,0.0,negative,0.0
losing,0.0,new,0.0,lotto,0.0,part,0.0,neither,0.0
minute,0.0,next,0.0,loud,0.0,paris,0.0,net,0.0
missing,0.0,nice,0.0,lower,0.0,parent,0.0,next,0.0
mmh,0.0,nicky,0.0,lure,0.0,corner,0.0,nice,0.0
nothin,0.0,nicole,0.0,lured,0.0,crowd,0.0,nigga,0.0
notice,0.0,nigga,0.0,mad,0.0,nyc,0.0,nose,0.0
nowadays,0.0,nose,0.0,made,0.0,cross,0.0,note,0.0
nowhere,0.0,note,0.0,making,0.0,ocean,0.0,nothin,0.0
number,0.0,nothin,0.0,manipulate,0.0,crime,0.0,nowadays,0.0
nyc,0.0,notice,0.0,many,0.0,okay,0.0,nowhere,0.0
obsessed,0.0,noticed,0.0,nah,0.0,old,0.0,number,0.0
open,0.0,nowhere,0.0,naked,0.0,creepin,0.0,obsessed,0.0
opened,0.0,number,0.0,near,0.0,onto,0.0,ocean,0.0
opposite,0.0,nyc,0.0,people,0.0,opened,0.0,old,0.0
outside,0.0,obsessed,0.0,paradise,0.0,craving,0.0,onto,0.0
overdosed,0.0,ocean,0.0,parent,0.0,ordinary,0.0,open,0.0
overwhelmed,0.0,okay,0.0,part,0.0,crash,0.0,opened,0.0
paradise,0.0,onto,0.0,parted,0.0,outta,0.0,opposite,0.0
paris,0.0,opened,0.0,particular,0.0,overdosed,0.0,ordinary,0.0
parted,0.0,name,0.0,pas,0.0,cozy,0.0,outside,0.0
particular,0.0,mutual,0.0,past,0.0,pack,0.0,outta,0.0
patience,0.0,memory,0.0,patience,0.0,cost,0.0,overdosed,0.0
patient,0.0,must,0.0,patient,0.0,paint,0.0,near,0.0
pay,0.0,men,0.0,pay,0.0,considered,0.0,naked,0.0
perfect,0.0,messin,0.0,perfectly,0.0,planned,0.0,nah,0.0
perfectly,0.0,messing,0.0,needed,0.0,nowadays,0.0,molly,0.0
perfume,0.0,met,0.0,perfume,0.0,punched,0.0,men,0.0
permission,0.0,mhm,0.0,permanent,0.0,promised,0.0,mercy,0.0
nothing,0.0,middle,0.0,permission,0.0,promoting,0.0,mess,0.0
note,0.0,mile,0.0,person,0.0,propose,0.0,mhm,0.0
mmm,0.0,million,0.0,pickin,0.0,proud,0.0,middle,0.0
nose,0.0,mine,0.0,piece,0.0,prove,0.0,midnight,0.0
model,0.0,miss,0.0,plan,0.0,provoking,0.0,might,0.0
modeling,0.0,mmh,0.0,playin,0.0,full,0.0,mile,0.0
molly,0.0,mmm,0.0,poison,0.0,pulled,0.0,million,0.0
mon,0.0,model,0.0,possibly,0.0,pulling,0.0,model,0.0
money,0.0,modeling,0.0,paint,0.0,puppet,0.0,modeling,0.0
mother,0.0,molly,0.0,pain,0.0,consequence,0.0,mon,0.0
motion,0.0,mon,0.0,pack,0.0,complicated,0.0,mutual,0.0
mount,0.0,money,0.0,overwhelmed,0.0,pushed,0.0,money,0.0
mountain,0.0,moth,0.0,needing,0.0,pushing,0.0,morning,0.0
movie,0.0,mother,0.0,needle,0.0,complicate,0.0,moth,0.0
muse,0.0,mount,0.0,negative,0.0,completely,0.0,motion,0.0
mutual,0.0,mountain,0.0,nervous,0.0,complete,0.0,mount,0.0
nah,0.0,mouth,0.0,net,0.0,quick,0.0,mountain,0.0
naked,0.0,movie,0.0,nice,0.0,quickly,0.0,mouth,0.0
near,0.0,moving,0.0,nicky,0.0,competition,0.0,move,0.0
negative,0.0,muse,0.0,nicole,0.0,complied,0.0,movie,0.0
neither,0.0,kinda,0.0,nose,0.0,problem,0.0,muse,0.0
nervous,0.0,killing,0.0,note,0.0,probably,0.0,must,0.0
net,0.0,finger,0.0,nothin,0.0,prison,0.0,knife,0.0
new,0.0,gave,0.0,noticed,0.0,confront,0.0,kissed,0.0
nicky,0.0,gently,0.0,nowadays,0.0,pointless,0.0,king,0.0
nicole,0.0,getcha,0.0,number,0.0,confession,0.0,hi,0.0
nigga,0.0,gettin,0.0,nyc,0.0,popular,0.0,gray,0.0
lead,0.0,giving,0.0,ocean,0.0,posing,0.0,green,0.0
lawn,0.0,glad,0.0,okay,0.0,posse,0.0,grew,0.0
follower,0.0,goin,0.0,opposite,0.0,possibly,0.0,grow,0.0
happy,0.0,goodbye,0.0,ordinary,0.0,posted,0.0,grown,0.0
gray,0.0,grabbing,0.0,outside,0.0,pouring,0.0,guessing,0.0
green,0.0,gray,0.0,outta,0.0,power,0.0,hair,0.0
greyhound,0.0,green,0.0,leaving,0.0,pray,0.0,hang,0.0
growing,0.0,grew,0.0,learning,0.0,praying,0.0,hanging,0.0
grown,0.0,greyhound,0.0,fly,0.0,prepared,0.0,happening,0.0
guessing,0.0,ground,0.0,harm,0.0,pressure,0.0,happens,0.0
hair,0.0,grown,0.0,ha,0.0,confessing,0.0,happier,0.0
hang,0.0,guy,0.0,hair,0.0,pretending,0.0,happiness,0.0
happened,0.0,ha,0.0,half,0.0,pretty,0.0,happy,0.0
happens,0.0,hair,0.0,happened,0.0,price,0.0,hard,0.0
happiness,0.0,half,0.0,happening,0.0,pride,0.0,harm,0.0
harder,0.0,hang,0.0,happens,0.0,nowhere,0.0,headed,0.0
laughin,0.0,hanging,0.0,happier,0.0,noticed,0.0,headline,0.0
hate,0.0,happened,0.0,happiness,0.0,25,0.0,healing,0.0
headline,0.0,happening,0.0,happy,0.0,mess,0.0,hear,0.0
healing,0.0,happy,0.0,hard,0.0,discovering,0.0,heard,0.0
heard,0.0,hard,0.0,headed,0.0,dirty,0.0,heartbreak,0.0
heartbreak,0.0,harder,0.0,guessing,0.0,dirt,0.0,hearted,0.0
hearted,0.0,gaye,0.0,headline,0.0,medal,0.0,heat,0.0
heat,0.0,gasoline,0.0,heartbreak,0.0,dipping,0.0,heavy,0.0
heather,0.0,headed,0.0,heather,0.0,differently,0.0,grabbing,0.0
hell,0.0,game,0.0,heavy,0.0,memory,0.0,gorgeous,0.0
hesitation,0.0,fit,0.0,hell,0.0,die,0.0,gladly,0.0
hi,0.0,flash,0.0,help,0.0,diamond,0.0,friendship,0.0
gorgeous,0.0,flew,0.0,hesitation,0.0,messin,0.0,fool,0.0
good,0.0,flight,0.0,hi,0.0,minute,0.0,foolish,0.0
goin,0.0,floor,0.0,hide,0.0,messing,0.0,foot,0.0
gladly,0.0,fly,0.0,higher,0.0,detonator,0.0,forever,0.0
foolish,0.0,focus,0.0,guy,0.0,detonate,0.0,forget,0.0
forgetting,0.0,fog,0.0,guess,0.0,deserves,0.0,forgetting,0.0
forgiveness,0.0,followed,0.0,lean,0.0,midnight,0.0,forgive,0.0
forward,0.0,follower,0.0,getcha,0.0,deserve,0.0,forgiveness,0.0
found,0.0,foolish,0.0,flying,0.0,describe,0.0,forward,0.0
free,0.0,forever,0.0,focus,0.0,million,0.0,free,0.0
friendship,0.0,forgetting,0.0,fog,0.0,deny,0.0,friday,0.0
front,0.0,forgive,0.0,follow,0.0,may,0.0,front,0.0
fuck,0.0,forgiveness,0.0,forgive,0.0,dm,0.0,glad,0.0
fucking,0.0,forward,0.0,friday,0.0,masterpiece,0.0,fuck,0.0
full,0.0,found,0.0,friendship,0.0,mask,0.0,full,0.0
fun,0.0,friday,0.0,fucking,0.0,lotto,0.0,fun,0.0
funny,0.0,friendship,0.0,gentleman,0.0,loud,0.0,funny,0.0
game,0.0,front,0.0,gently,0.0,dress,0.0,game,0.0
gasoline,0.0,fuck,0.0,gettin,0.0,loved,0.0,gasoline,0.0
gave,0.0,fucking,0.0,growing,0.0,lover,0.0,gaye,0.0
gaye,0.0,full,0.0,getting,0.0,lovin,0.0,gentleman,0.0
gentleman,0.0,fun,0.0,given,0.0,lower,0.0,gently,0.0
getcha,0.0,funny,0.0,gladly,0.0,luck,0.0,getcha,0.0
gettin,0.0,harm,0.0,goin,0.0,lung,0.0,getting,0.0
given,0.0,headline,0.0,gorgeous,0.0,lure,0.0,hesitation,0.0
giving,0.0,kilimanjaro,0.0,grabbing,0.0,lured,0.0,high,0.0
glad,0.0,hurting,0.0,grew,0.0,dream,0.0,kinda,0.0
hide,0.0,idea,0.0,greyhound,0.0,drawn,0.0,higher,0.0
highlight,0.0,ignored,0.0,ground,0.0,magic,0.0,inconsistency,0.0
history,0.0,imagination,0.0,grow,0.0,doin,0.0,inhibition,0.0
instrumental,0.0,immature,0.0,history,0.0,man,0.0,innocent,0.0
interested,0.0,impressed,0.0,hmm,0.0,manipulate,0.0,inside,0.0
involved,0.0,inconsistency,0.0,hole,0.0,dog,0.0,instagram,0.0
japan,0.0,innocent,0.0,kils,0.0,marvin,0.0,instead,0.0
jet,0.0,insane,0.0,japan,0.0,deleted,0.0,instrumental,0.0
joke,0.0,insecure,0.0,joke,0.0,miss,0.0,intention,0.0
judge,0.0,instagram,0.0,kanye,0.0,notice,0.0,interested,0.0
kama,0.0,instrumental,0.0,karma,0.0,dark,0.0,intertwined,0.0
kanye,0.0,interested,0.0,keeping,0.0,darling,0.0,japan,0.0
karaoke,0.0,intertwined,0.0,key,0.0,naked,0.0,jet,0.0
karma,0.0,involved,0.0,kicked,0.0,darkness,0.0,joke,0.0
keeping,0.0,japan,0.0,kid,0.0,near,0.0,judge,0.0
kept,0.0,jet,0.0,kill,0.0,darkest,0.0,kama,0.0
key,0.0,joke,0.0,killing,0.0,needing,0.0,kanye,0.0
kicked,0.0,judge,0.0,kinda,0.0,needle,0.0,karaoke,0.0
kilimanjaro,0.0,kama,0.0,honest,0.0,negative,0.0,keep,0.0
kils,0.0,kanye,0.0,knife,0.0,neither,0.0,keeping,0.0
kind,0.0,karaoke,0.0,knowing,0.0,dare,0.0,kicked,0.0
king,0.0,karma,0.0,la,0.0,missing,0.0,kid,0.0
kissed,0.0,kept,0.0,lady,0.0,dangerously,0.0,kilimanjaro,0.0
knock,0.0,key,0.0,last,0.0,next,0.0,kill,0.0
knowing,0.0,kicked,0.0,late,0.0,damn,0.0,killing,0.0
la,0.0,hypnotized,0.0,laugh,0.0,nicky,0.0,kils,0.0
lady,0.0,hurricane,0.0,laughin,0.0,nicole,0.0,inch,0.0
intention,0.0,healing,0.0,lay,0.0,nigga,0.0,impressed,0.0
instead,0.0,huh,0.0,laying,0.0,daily,0.0,imagination,0.0
hitting,0.0,heard,0.0,involved,0.0,cup,0.0,hopeless,0.0
instagram,0.0,hearted,0.0,intertwined,0.0,cruel,0.0,highlight,0.0
ho,0.0,heat,0.0,interested,0.0,dawn,0.0,history,0.0
holdin,0.0,heather,0.0,intention,0.0,must,0.0,hit,0.0
honest,0.0,heavy,0.0,hopeless,0.0,dead,0.0,hitting,0.0
hopeless,0.0,hell,0.0,hopin,0.0,decide,0.0,hmm,0.0
hopin,0.0,hi,0.0,hoping,0.0,mistake,0.0,ho,0.0
hoping,0.0,high,0.0,hotel,0.0,mmh,0.0,holdin,0.0
hosting,0.0,higher,0.0,hour,0.0,mmm,0.0,holding,0.0
hotel,0.0,highlight,0.0,house,0.0,model,0.0,hole,0.0
hour,0.0,history,0.0,huh,0.0,modeling,0.0,honest,0.0
huh,0.0,hit,0.0,hurricane,0.0,molly,0.0,hope,0.0
hundred,0.0,hitting,0.0,hypnotized,0.0,defense,0.0,hopin,0.0
hurting,0.0,hmm,0.0,idea,0.0,mon,0.0,ignored,0.0
idea,0.0,ho,0.0,ignore,0.0,money,0.0,hoping,0.0
ignore,0.0,holdin,0.0,imagination,0.0,deeper,0.0,hosting,0.0
ignored,0.0,hole,0.0,immature,0.0,moth,0.0,hotel,0.0
immature,0.0,honestly,0.0,impressed,0.0,mother,0.0,hour,0.0
impressed,0.0,hope,0.0,inch,0.0,motion,0.0,house,0.0
inch,0.0,hopeless,0.0,inconsistency,0.0,mount,0.0,hundred,0.0
inconsistency,0.0,hopin,0.0,inhibition,0.0,mountain,0.0,hurricane,0.0
inhibition,0.0,hoping,0.0,innocent,0.0,deep,0.0,hurting,0.0
innocent,0.0,hosting,0.0,insecure,0.0,move,0.0,hypnotized,0.0
insane,0.0,hour,0.0,instead,0.0,decision,0.0,idea,0.0
insecure,0.0,house,0.0,instrumental,0.0,moving,0.0,ignore,0.0
zone,0.0,zone,0.0,zone,0.0,23,0.0,zone,0.0
